input_raw,normalised_raw,vendor_hint,model_hint,version_hint,source_url,evidence_quote,third_party_result,confidence,action,reason_code,parse_applied,output_value,ai_vendor_hint,ai_model_hint,ai_confidence,ai_reason,ai_source
22 DOMINION SX16,22 dominion sx16,UNKNOWN,22 dominion sx16,UNKNOWN,LOCAL_RULESET,22 dominion sx16,NOT_CHECKED,0.35,NO_CHANGE,CONFIDENCE_LOW,False,22 DOMINION SX16,UNKNOWN,22 dominion sx16,0.00,NO_AI_ACTION,AGENT_VENDOR_MODEL
A10 Networks Thunder 4440(S) ADC,a10 networks thunder 4440 s adc,UNKNOWN,a10 networks thunder s adc,4440,LOCAL_RULESET,a10 networks thunder s adc,NOT_CHECKED,0.55,SUGGEST_ONLY,CONFIDENCE_MEDIUM,False,A10 Networks Thunder 4440(S) ADC,A10 Networks,a10 networks thunder s adc,0.70,REFERENCE_MANUFACTURER_MATCH,https://www.a10networks.com/products
Accton Technology AS7816-64X,accton technology as7816-64x,UNKNOWN,accton technology as7816-64x,UNKNOWN,LOCAL_RULESET,accton technology as7816-64x,NOT_CHECKED,0.35,NO_CHANGE,CONFIDENCE_LOW,False,Accton Technology AS7816-64X,UNKNOWN,accton technology as7816-64x,0.00,NO_AI_ACTION,AGENT_VENDOR_MODEL
Adva Fsp 150ccf,adva fsp 150ccf,UNKNOWN,adva fsp 150ccf,UNKNOWN,LOCAL_RULESET,adva fsp 150ccf,NOT_CHECKED,0.35,NO_CHANGE,CONFIDENCE_LOW,False,Adva Fsp 150ccf,UNKNOWN,adva fsp 150ccf,0.00,NO_AI_ACTION,AGENT_VENDOR_MODEL
Adva FSP 150CM,adva fsp 150cm,UNKNOWN,adva fsp 150cm,UNKNOWN,LOCAL_RULESET,adva fsp 150cm,NOT_CHECKED,0.35,NO_CHANGE,CONFIDENCE_LOW,False,Adva FSP 150CM,UNKNOWN,adva fsp 150cm,0.00,NO_AI_ACTION,AGENT_VENDOR_MODEL
Adva FSP 3000,adva fsp 3000,UNKNOWN,adva fsp,3000,LOCAL_RULESET,adva fsp,NOT_CHECKED,0.55,SUGGEST_ONLY,CONFIDENCE_MEDIUM,False,Adva FSP 3000,UNKNOWN,adva fsp,0.00,NO_AI_ACTION,AGENT_VENDOR_MODEL
Adva FSP 3000R7,adva fsp 3000r7,UNKNOWN,adva fsp 3000r7,UNKNOWN,LOCAL_RULESET,adva fsp 3000r7,NOT_CHECKED,0.35,NO_CHANGE,CONFIDENCE_LOW,False,Adva FSP 3000R7,UNKNOWN,adva fsp 3000r7,0.00,NO_AI_ACTION,AGENT_VENDOR_MODEL
Adva FSP 3000R7-SH9HU,adva fsp 3000r7-sh9hu,UNKNOWN,adva fsp 3000r7-sh9hu,UNKNOWN,LOCAL_RULESET,adva fsp 3000r7-sh9hu,NOT_CHECKED,0.35,NO_CHANGE,CONFIDENCE_LOW,False,Adva FSP 3000R7-SH9HU,UNKNOWN,adva fsp 3000r7-sh9hu,0.00,NO_AI_ACTION,AGENT_VENDOR_MODEL
Alcatel 1830 PSS-32,alcatel 1830 pss-32,Alcatel,pss-32,1830,LOCAL_RULESET,pss-32,NOT_CHECKED,1.00,APPLY_CHANGE,CONFIDENCE_HIGH,True,pss-32,Alcatel,pss-32,0.70,NO_AI_ACTION,AGENT_VENDOR_MODEL
Alcatel 7302 ISAM,alcatel 7302 isam,Alcatel,isam,7302,LOCAL_RULESET,isam,NOT_CHECKED,1.00,APPLY_CHANGE,CONFIDENCE_HIGH,True,isam,Alcatel,isam,0.70,NO_AI_ACTION,AGENT_VENDOR_MODEL
Alcatel 7750 SR-12,alcatel 7750 sr-12,Alcatel,sr-12,7750,LOCAL_RULESET,sr-12,NOT_CHECKED,1.00,APPLY_CHANGE,CONFIDENCE_HIGH,True,sr-12,Alcatel,sr-12,0.70,NO_AI_ACTION,AGENT_VENDOR_MODEL
Alcatel 7750 SR-1e,alcatel 7750 sr-1e,Alcatel,sr-1e,7750,LOCAL_RULESET,sr-1e,NOT_CHECKED,1.00,APPLY_CHANGE,CONFIDENCE_HIGH,True,sr-1e,Alcatel,sr-1e,0.70,NO_AI_ACTION,AGENT_VENDOR_MODEL
Alcatel 7750 SR-7,alcatel 7750 sr-7,Alcatel,sr-7,7750,LOCAL_RULESET,sr-7,NOT_CHECKED,1.00,APPLY_CHANGE,CONFIDENCE_HIGH,True,sr-7,Alcatel,sr-7,0.70,NO_AI_ACTION,AGENT_VENDOR_MODEL
Alcatel Lucent 1626LM,alcatel lucent 1626lm,Alcatel Lucent,1626lm,UNKNOWN,LOCAL_RULESET,1626lm,NOT_CHECKED,0.80,SUGGEST_ONLY,CONFIDENCE_MEDIUM,False,Alcatel Lucent 1626LM,Alcatel Lucent,1626lm,0.70,NO_AI_ACTION,AGENT_VENDOR_MODEL
Alcatel Lucent 1662SMC,alcatel lucent 1662smc,Alcatel Lucent,1662smc,UNKNOWN,LOCAL_RULESET,1662smc,NOT_CHECKED,0.80,SUGGEST_ONLY,CONFIDENCE_MEDIUM,False,Alcatel Lucent 1662SMC,Alcatel Lucent,1662smc,0.70,NO_AI_ACTION,AGENT_VENDOR_MODEL
Alcatel Lucent 1678MCC,alcatel lucent 1678mcc,Alcatel Lucent,1678mcc,UNKNOWN,LOCAL_RULESET,1678mcc,NOT_CHECKED,0.80,SUGGEST_ONLY,CONFIDENCE_MEDIUM,False,Alcatel Lucent 1678MCC,Alcatel Lucent,1678mcc,0.70,NO_AI_ACTION,AGENT_VENDOR_MODEL
ALCATEL LUCENT 1830 PSS-32,alcatel lucent 1830 pss-32,Alcatel Lucent,pss-32,1830,LOCAL_RULESET,pss-32,NOT_CHECKED,1.00,APPLY_CHANGE,CONFIDENCE_HIGH,True,pss-32,Alcatel Lucent,pss-32,0.70,NO_AI_ACTION,AGENT_VENDOR_MODEL
Alcatel Lucent 7210 SAS-S,alcatel lucent 7210 sas-s,Alcatel Lucent,sas-s,7210,LOCAL_RULESET,sas-s,NOT_CHECKED,1.00,APPLY_CHANGE,CONFIDENCE_HIGH,True,sas-s,Alcatel Lucent,sas-s,0.70,NO_AI_ACTION,AGENT_VENDOR_MODEL
Alcatel Lucent 7210 SAS-X,alcatel lucent 7210 sas-x,Alcatel Lucent,sas-x,7210,LOCAL_RULESET,sas-x,NOT_CHECKED,1.00,APPLY_CHANGE,CONFIDENCE_HIGH,True,sas-x,Alcatel Lucent,sas-x,0.70,NO_AI_ACTION,AGENT_VENDOR_MODEL
Alcatel Lucent Multiplexer 1642MC,alcatel lucent multiplexer 1642mc,Alcatel Lucent,multiplexer 1642mc,UNKNOWN,LOCAL_RULESET,multiplexer 1642mc,NOT_CHECKED,0.80,SUGGEST_ONLY,CONFIDENCE_MEDIUM,False,Alcatel Lucent Multiplexer 1642MC,Alcatel Lucent,multiplexer 1642mc,0.70,NO_AI_ACTION,AGENT_VENDOR_MODEL
Alcatel Lucent OS6250-24M,alcatel lucent os6250-24m,Alcatel Lucent,os6250-24m,UNKNOWN,LOCAL_RULESET,os6250-24m,NOT_CHECKED,0.80,SUGGEST_ONLY,CONFIDENCE_MEDIUM,False,Alcatel Lucent OS6250-24M,Alcatel Lucent,os6250-24m,0.70,NO_AI_ACTION,AGENT_VENDOR_MODEL
Alcatel Lucent OS6250-8M,alcatel lucent os6250-8m,Alcatel Lucent,os6250-8m,UNKNOWN,LOCAL_RULESET,os6250-8m,NOT_CHECKED,0.80,SUGGEST_ONLY,CONFIDENCE_MEDIUM,False,Alcatel Lucent OS6250-8M,Alcatel Lucent,os6250-8m,0.70,NO_AI_ACTION,AGENT_VENDOR_MODEL
AlgoSec 2040,algosec 2040,UNKNOWN,algosec,2040,LOCAL_RULESET,algosec,NOT_CHECKED,0.55,SUGGEST_ONLY,CONFIDENCE_MEDIUM,False,AlgoSec 2040,UNKNOWN,algosec,0.00,NO_AI_ACTION,AGENT_VENDOR_MODEL
AlgoSec 2320,algosec 2320,UNKNOWN,algosec,2320,LOCAL_RULESET,algosec,NOT_CHECKED,0.55,SUGGEST_ONLY,CONFIDENCE_MEDIUM,False,AlgoSec 2320,UNKNOWN,algosec,0.00,NO_AI_ACTION,AGENT_VENDOR_MODEL
Appear TV X20,appear tv x20,UNKNOWN,appear tv x20,UNKNOWN,LOCAL_RULESET,appear tv x20,NOT_CHECKED,0.35,NO_CHANGE,CONFIDENCE_LOW,False,Appear TV X20,UNKNOWN,appear tv x20,0.00,NO_AI_ACTION,AGENT_VENDOR_MODEL
Appear TV XC5100,appear tv xc5100,UNKNOWN,appear tv xc5100,UNKNOWN,LOCAL_RULESET,appear tv xc5100,NOT_CHECKED,0.35,NO_CHANGE,CONFIDENCE_LOW,False,Appear TV XC5100,UNKNOWN,appear tv xc5100,0.00,NO_AI_ACTION,AGENT_VENDOR_MODEL
Arbor Peakflow,arbor peakflow,UNKNOWN,arbor peakflow,UNKNOWN,LOCAL_RULESET,arbor peakflow,NOT_CHECKED,0.35,NO_CHANGE,CONFIDENCE_LOW,False,Arbor Peakflow,UNKNOWN,arbor peakflow,0.00,NO_AI_ACTION,AGENT_VENDOR_MODEL
Arista 7010T-48 Gigabit Ethernet Data Center Switches,arista 7010t-48 gigabit ethernet data center switches,Arista,gigabit ethernet switches,7010T-48,https://www.arista.com/en/products,,NOT_CHECKED,1.00,APPLY_CHANGE,CONFIDENCE_HIGH,True,gigabit ethernet switches,Arista,gigabit ethernet switches,0.70,NO_AI_ACTION,AGENT_VENDOR_MODEL
Arista 7050SX3-96YC8 - switch - 96 ports,arista 7050sx3-96yc8 - switch - 96 ports,Arista,7050sx3-96yc8 - - 96 ports,UNKNOWN,https://www.arista.com/en/products,,NOT_CHECKED,0.80,SUGGEST_ONLY,CONFIDENCE_MEDIUM,False,Arista 7050SX3-96YC8 - switch - 96 ports,Arista,7050sx3-96yc8 - - 96 ports,0.70,NO_AI_ACTION,AGENT_VENDOR_MODEL
Arista 7150S-24,arista 7150s-24,Arista,UNKNOWN,7150S-24,https://www.arista.com/en/products,,NOT_CHECKED,0.55,SUGGEST_ONLY,CONFIDENCE_MEDIUM,False,Arista 7150S-24,Arista,UNKNOWN,0.00,NO_AI_ACTION,AGENT_VENDOR_MODEL
Arista 7280CR2,arista 7280cr2,Arista,7280cr2,UNKNOWN,https://www.arista.com/en/products,,NOT_CHECKED,0.80,SUGGEST_ONLY,CONFIDENCE_MEDIUM,False,Arista 7280CR2,Arista,7280cr2,0.70,NO_AI_ACTION,AGENT_VENDOR_MODEL
Arista 7280CR2A-60,arista 7280cr2a-60,Arista,7280cr2a-60,UNKNOWN,https://www.arista.com/en/products,,NOT_CHECKED,0.80,SUGGEST_ONLY,CONFIDENCE_MEDIUM,False,Arista 7280CR2A-60,Arista,7280cr2a-60,0.70,NO_AI_ACTION,AGENT_VENDOR_MODEL
Arista 7280CR3,arista 7280cr3,Arista,7280cr3,UNKNOWN,https://www.arista.com/en/products,,NOT_CHECKED,0.80,SUGGEST_ONLY,CONFIDENCE_MEDIUM,False,Arista 7280CR3,Arista,7280cr3,0.70,NO_AI_ACTION,AGENT_VENDOR_MODEL
Arista 7280SR-48C6,arista 7280sr-48c6,Arista,7280sr-48c6,UNKNOWN,https://www.arista.com/en/products,,NOT_CHECKED,0.80,SUGGEST_ONLY,CONFIDENCE_MEDIUM,False,Arista 7280SR-48C6,Arista,7280sr-48c6,0.70,NO_AI_ACTION,AGENT_VENDOR_MODEL
Arista 7280SR2-48YC6,arista 7280sr2-48yc6,Arista,7280sr2-48yc6,UNKNOWN,https://www.arista.com/en/products,,NOT_CHECKED,0.80,SUGGEST_ONLY,CONFIDENCE_MEDIUM,False,Arista 7280SR2-48YC6,Arista,7280sr2-48yc6,0.70,NO_AI_ACTION,AGENT_VENDOR_MODEL
Arista 7280SR3-48YC6,arista 7280sr3-48yc6,Arista,7280sr3-48yc6,UNKNOWN,https://www.arista.com/en/products,,NOT_CHECKED,0.80,SUGGEST_ONLY,CONFIDENCE_MEDIUM,False,Arista 7280SR3-48YC6,Arista,7280sr3-48yc6,0.70,NO_AI_ACTION,AGENT_VENDOR_MODEL
Arista CCS-720XP-48Y6,arista ccs-720xp-48y6,Arista,ccs-720xp-48y6,UNKNOWN,https://www.arista.com/en/products,,NOT_CHECKED,0.80,SUGGEST_ONLY,CONFIDENCE_MEDIUM,False,Arista CCS-720XP-48Y6,Arista,ccs-720xp-48y6,0.70,NO_AI_ACTION,AGENT_VENDOR_MODEL
Arista DCS 7804CH,arista dcs 7804ch,Arista,dcs 7804ch,UNKNOWN,https://www.arista.com/en/products,,NOT_CHECKED,0.80,SUGGEST_ONLY,CONFIDENCE_MEDIUM,False,Arista DCS 7804CH,Arista,dcs 7804ch,0.70,NO_AI_ACTION,AGENT_VENDOR_MODEL
Ateme Titan,ateme titan,UNKNOWN,ateme titan,UNKNOWN,LOCAL_RULESET,ateme titan,NOT_CHECKED,0.35,NO_CHANGE,CONFIDENCE_LOW,False,Ateme Titan,UNKNOWN,ateme titan,0.00,NO_AI_ACTION,AGENT_VENDOR_MODEL
AudioCodes Mediakind,audiocodes mediakind,UNKNOWN,audiocodes mediakind,UNKNOWN,LOCAL_RULESET,audiocodes mediakind,NOT_CHECKED,0.35,NO_CHANGE,CONFIDENCE_LOW,False,AudioCodes Mediakind,UNKNOWN,audiocodes mediakind,0.00,NO_AI_ACTION,AGENT_VENDOR_MODEL
Axis PoE Midspan 16 port,axis poe midspan 16 port,UNKNOWN,axis poe midspan 16 port,UNKNOWN,LOCAL_RULESET,axis poe midspan 16 port,NOT_CHECKED,0.35,NO_CHANGE,CONFIDENCE_LOW,False,Axis PoE Midspan 16 port,UNKNOWN,axis poe midspan 16 port,0.00,NO_AI_ACTION,AGENT_VENDOR_MODEL
AXON SFR18,axon sfr18,UNKNOWN,axon sfr18,UNKNOWN,LOCAL_RULESET,axon sfr18,NOT_CHECKED,0.35,NO_CHANGE,CONFIDENCE_LOW,False,AXON SFR18,UNKNOWN,axon sfr18,0.00,NO_AI_ACTION,AGENT_VENDOR_MODEL
BLUECOAT SG810-B,bluecoat sg810-b,UNKNOWN,bluecoat sg810-b,UNKNOWN,LOCAL_RULESET,bluecoat sg810-b,NOT_CHECKED,0.35,NO_CHANGE,CONFIDENCE_LOW,False,BLUECOAT SG810-B,UNKNOWN,bluecoat sg810-b,0.00,NO_AI_ACTION,AGENT_VENDOR_MODEL
Bluecoat Systems Director,bluecoat systems director,UNKNOWN,bluecoat systems director,UNKNOWN,LOCAL_RULESET,bluecoat systems director,NOT_CHECKED,0.35,NO_CHANGE,CONFIDENCE_LOW,False,Bluecoat Systems Director,UNKNOWN,bluecoat systems director,0.00,NO_AI_ACTION,AGENT_VENDOR_MODEL
BOMGAR B300,bomgar b300,UNKNOWN,bomgar b300,UNKNOWN,LOCAL_RULESET,bomgar b300,NOT_CHECKED,0.35,NO_CHANGE,CONFIDENCE_LOW,False,BOMGAR B300,UNKNOWN,bomgar b300,0.00,NO_AI_ACTION,AGENT_VENDOR_MODEL
Brix Networks 2500,brix networks 2500,UNKNOWN,brix networks,2500,LOCAL_RULESET,brix networks,NOT_CHECKED,0.55,SUGGEST_ONLY,CONFIDENCE_MEDIUM,False,Brix Networks 2500,UNKNOWN,brix networks,0.00,NO_AI_ACTION,AGENT_VENDOR_MODEL
Brix Networks 3500T,brix networks 3500t,UNKNOWN,brix networks,3500T,LOCAL_RULESET,brix networks,NOT_CHECKED,0.55,SUGGEST_ONLY,CONFIDENCE_MEDIUM,False,Brix Networks 3500T,UNKNOWN,brix networks,0.00,NO_AI_ACTION,AGENT_VENDOR_MODEL
Brix Networks NTP,brix networks ntp,UNKNOWN,brix networks ntp,UNKNOWN,LOCAL_RULESET,brix networks ntp,NOT_CHECKED,0.35,NO_CHANGE,CONFIDENCE_LOW,False,Brix Networks NTP,UNKNOWN,brix networks ntp,0.00,NO_AI_ACTION,AGENT_VENDOR_MODEL
Brocade 6510,brocade 6510,Brocade,UNKNOWN,6510,LOCAL_RULESET,,NOT_CHECKED,0.55,SUGGEST_ONLY,CONFIDENCE_MEDIUM,False,Brocade 6510,Brocade,UNKNOWN,0.00,NO_AI_ACTION,AGENT_VENDOR_MODEL
Celestica Redstone D2020,celestica redstone d2020,UNKNOWN,celestica redstone d2020,UNKNOWN,LOCAL_RULESET,celestica redstone d2020,NOT_CHECKED,0.35,NO_CHANGE,CONFIDENCE_LOW,False,Celestica Redstone D2020,UNKNOWN,celestica redstone d2020,0.00,NO_AI_ACTION,AGENT_VENDOR_MODEL
Checkpoint Checkpoint,checkpoint checkpoint,UNKNOWN,checkpoint checkpoint,UNKNOWN,LOCAL_RULESET,checkpoint checkpoint,NOT_CHECKED,0.35,NO_CHANGE,CONFIDENCE_LOW,False,Checkpoint Checkpoint,UNKNOWN,checkpoint checkpoint,0.00,NO_AI_ACTION,AGENT_VENDOR_MODEL
Checkpoint CPAP-SG16200-PLUS-SNBT,checkpoint cpap-sg16200-plus-snbt,UNKNOWN,checkpoint cpap-sg16200-plus-snbt,UNKNOWN,LOCAL_RULESET,checkpoint cpap-sg16200-plus-snbt,NOT_CHECKED,0.35,NO_CHANGE,CONFIDENCE_LOW,False,Checkpoint CPAP-SG16200-PLUS-SNBT,UNKNOWN,checkpoint cpap-sg16200-plus-snbt,0.00,NO_AI_ACTION,AGENT_VENDOR_MODEL
CIPHERTRUST IRONMAIL,ciphertrust ironmail,UNKNOWN,ciphertrust ironmail,UNKNOWN,LOCAL_RULESET,ciphertrust ironmail,NOT_CHECKED,0.35,NO_CHANGE,CONFIDENCE_LOW,False,CIPHERTRUST IRONMAIL,UNKNOWN,ciphertrust ironmail,0.00,NO_AI_ACTION,AGENT_VENDOR_MODEL
CIPHERTRUST IRONMAIL E3000E,ciphertrust ironmail e3000e,UNKNOWN,ciphertrust ironmail e3000e,UNKNOWN,LOCAL_RULESET,ciphertrust ironmail e3000e,NOT_CHECKED,0.35,NO_CHANGE,CONFIDENCE_LOW,False,CIPHERTRUST IRONMAIL E3000E,UNKNOWN,ciphertrust ironmail e3000e,0.00,NO_AI_ACTION,AGENT_VENDOR_MODEL
Cisco,cisco,Cisco,UNKNOWN,UNKNOWN,https://www.cisco.com/c/en/us/products/index.html,,REJECTED:NO_EVIDENCE,0.35,NO_CHANGE,CONFIDENCE_LOW,False,Cisco,Cisco,UNKNOWN,0.00,NO_AI_ACTION,AGENT_VENDOR_MODEL
Cisco -,cisco -,Cisco,vendor matrix - park place technologies -- -- -- resources blog case studies white paper webina,UNKNOWN,https://www.parkplacetechnologies.com/supported-products/,vendor matrix - park place technologies -- -- -- resources blog case studies white paper webina,ACCEPTED:vendor matrix - park place technologies -- -- -- resources blog case studies white paper webina,0.85,APPLY_CHANGE,CONFIDENCE_HIGH,True,vendor matrix - park place technologies -- -- -- resources blog case studies white paper webina,Cisco,-,0.70,NO_AI_ACTION,AGENT_VENDOR_MODEL
Cisco 1120 Connected Grid Router,cisco 1120 connected grid router,Cisco,connected grid,1120,https://www.cisco.com/c/en/us/products/index.html,,NOT_CHECKED,1.00,APPLY_CHANGE,CONFIDENCE_HIGH,True,connected grid,Cisco,connected grid,0.70,NO_AI_ACTION,AGENT_VENDOR_MODEL
Cisco 1121 Secure Access Control System,cisco 1121 secure access control system,Cisco,secure access control,1121,https://www.cisco.com/c/en/us/products/index.html,,NOT_CHECKED,1.00,APPLY_CHANGE,CONFIDENCE_HIGH,True,secure access control,Cisco,secure access control,0.70,NO_AI_ACTION,AGENT_VENDOR_MODEL
Cisco 1921/K9,cisco 1921 k9,Cisco,k9,1921,https://www.cisco.com/c/en/us/products/index.html,,NOT_CHECKED,1.00,APPLY_CHANGE,CONFIDENCE_HIGH,True,k9,Cisco,k9,0.70,NO_AI_ACTION,AGENT_VENDOR_MODEL
Cisco 2801,cisco 2801,Cisco,UNKNOWN,2801,https://www.cisco.com/c/en/us/products/index.html,,REJECTED:NO_EVIDENCE,0.55,SUGGEST_ONLY,CONFIDENCE_MEDIUM,False,Cisco 2801,Cisco,UNKNOWN,0.00,NO_AI_ACTION,AGENT_VENDOR_MODEL
Cisco 2811,cisco 2811,Cisco,UNKNOWN,2811,https://www.cisco.com/c/en/us/products/index.html,,REJECTED:NO_EVIDENCE,0.55,SUGGEST_ONLY,CONFIDENCE_MEDIUM,False,Cisco 2811,Cisco,UNKNOWN,0.00,NO_AI_ACTION,AGENT_VENDOR_MODEL
Cisco 2821,cisco 2821,Cisco,UNKNOWN,2821,https://www.cisco.com/c/en/us/products/index.html,,REJECTED:NO_EVIDENCE,0.55,SUGGEST_ONLY,CONFIDENCE_MEDIUM,False,Cisco 2821,Cisco,UNKNOWN,0.00,NO_AI_ACTION,AGENT_VENDOR_MODEL
CISCO 2901,cisco 2901,Cisco,UNKNOWN,2901,https://www.cisco.com/c/en/us/products/index.html,,REJECTED:NO_EVIDENCE,0.55,SUGGEST_ONLY,CONFIDENCE_MEDIUM,False,CISCO 2901,Cisco,UNKNOWN,0.00,NO_AI_ACTION,AGENT_VENDOR_MODEL
Cisco 2901 Integrated Services Router,cisco 2901 integrated services router,Cisco,UNKNOWN,2901,https://www.cisco.com/c/en/us/products/index.html,,REJECTED:NO_EVIDENCE,0.55,SUGGEST_ONLY,CONFIDENCE_MEDIUM,False,Cisco 2901 Integrated Services Router,Cisco,UNKNOWN,0.00,NO_AI_ACTION,AGENT_VENDOR_MODEL
Cisco 3560x-24t,cisco 3560x-24t,Cisco,UNKNOWN,3560X-24T,https://www.cisco.com/c/en/us/products/index.html,,REJECTED:NO_EVIDENCE,0.55,SUGGEST_ONLY,CONFIDENCE_MEDIUM,False,Cisco 3560x-24t,Cisco,UNKNOWN,0.00,NO_AI_ACTION,AGENT_VENDOR_MODEL
Cisco 3845,cisco 3845,Cisco,UNKNOWN,3845,https://www.cisco.com/c/en/us/products/index.html,,REJECTED:NO_EVIDENCE,0.55,SUGGEST_ONLY,CONFIDENCE_MEDIUM,False,Cisco 3845,Cisco,UNKNOWN,0.00,NO_AI_ACTION,AGENT_VENDOR_MODEL
Cisco 4321 Integrated Services Routers,cisco 4321 integrated services routers,Cisco,routers,4321,https://www.cisco.com/c/en/us/products/index.html,,NOT_CHECKED,1.00,APPLY_CHANGE,CONFIDENCE_HIGH,True,routers,Cisco,routers,0.70,NO_AI_ACTION,AGENT_VENDOR_MODEL
Cisco 4331 Integrated Services Routers,cisco 4331 integrated services routers,Cisco,routers,4331,https://www.cisco.com/c/en/us/products/index.html,,NOT_CHECKED,1.00,APPLY_CHANGE,CONFIDENCE_HIGH,True,routers,Cisco,routers,0.70,NO_AI_ACTION,AGENT_VENDOR_MODEL
Cisco 4331 ISR Router,cisco 4331 isr router,Cisco,isr,4331,https://www.cisco.com/c/en/us/products/index.html,,NOT_CHECKED,1.00,APPLY_CHANGE,CONFIDENCE_HIGH,True,isr,Cisco,isr,0.70,NO_AI_ACTION,AGENT_VENDOR_MODEL
Cisco 4431,cisco 4431,Cisco,UNKNOWN,4431,https://www.cisco.com/c/en/us/products/index.html,,REJECTED:NO_EVIDENCE,0.55,SUGGEST_ONLY,CONFIDENCE_MEDIUM,False,Cisco 4431,Cisco,UNKNOWN,0.00,NO_AI_ACTION,AGENT_VENDOR_MODEL
Cisco 4451-X Integrated Services,cisco 4451-x integrated services,Cisco,UNKNOWN,4451-X,https://www.cisco.com/c/en/us/products/index.html,,REJECTED:NO_EVIDENCE,0.55,SUGGEST_ONLY,CONFIDENCE_MEDIUM,False,Cisco 4451-X Integrated Services,Cisco,UNKNOWN,0.00,NO_AI_ACTION,AGENT_VENDOR_MODEL
Cisco 4500,cisco 4500,Cisco,UNKNOWN,4500,https://www.cisco.com/c/en/us/products/index.html,,REJECTED:NO_EVIDENCE,0.55,SUGGEST_ONLY,CONFIDENCE_MEDIUM,False,Cisco 4500,Cisco,UNKNOWN,0.00,NO_AI_ACTION,AGENT_VENDOR_MODEL
Cisco 4500-X Series,cisco 4500-x series,Cisco,UNKNOWN,4500-X,https://www.cisco.com/c/en/us/products/index.html,,REJECTED:NO_EVIDENCE,0.55,SUGGEST_ONLY,CONFIDENCE_MEDIUM,False,Cisco 4500-X Series,Cisco,UNKNOWN,0.00,NO_AI_ACTION,AGENT_VENDOR_MODEL
Cisco 5508,cisco 5508,Cisco,UNKNOWN,5508,https://www.cisco.com/c/en/us/products/index.html,,REJECTED:NO_EVIDENCE,0.55,SUGGEST_ONLY,CONFIDENCE_MEDIUM,False,Cisco 5508,Cisco,UNKNOWN,0.00,NO_AI_ACTION,AGENT_VENDOR_MODEL
Cisco 5508 Wireless Lan Controller,cisco 5508 wireless lan controller,Cisco,wireless lan controller,5508,https://www.cisco.com/c/en/us/products/index.html,,NOT_CHECKED,1.00,APPLY_CHANGE,CONFIDENCE_HIGH,True,wireless lan controller,Cisco,wireless lan controller,0.70,NO_AI_ACTION,AGENT_VENDOR_MODEL
Cisco 5520 Wireless Controller,cisco 5520 wireless controller,Cisco,wireless controller,5520,https://www.cisco.com/c/en/us/products/index.html,,NOT_CHECKED,1.00,APPLY_CHANGE,CONFIDENCE_HIGH,True,wireless controller,Cisco,wireless controller,0.70,NO_AI_ACTION,AGENT_VENDOR_MODEL
Cisco 7200 VXR,cisco 7200 vxr,Cisco,vxr,7200,https://www.cisco.com/c/en/us/products/index.html,,NOT_CHECKED,1.00,APPLY_CHANGE,CONFIDENCE_HIGH,True,vxr,Cisco,vxr,0.70,NO_AI_ACTION,AGENT_VENDOR_MODEL
Cisco 7201 Router,cisco 7201 router,Cisco,UNKNOWN,7201,https://www.cisco.com/c/en/us/products/index.html,,REJECTED:NO_EVIDENCE,0.55,SUGGEST_ONLY,CONFIDENCE_MEDIUM,False,Cisco 7201 Router,Cisco,UNKNOWN,0.00,NO_AI_ACTION,AGENT_VENDOR_MODEL
Cisco 7604 Chassis,cisco 7604 chassis,Cisco,chassis,7604,https://www.cisco.com/c/en/us/products/index.html,,NOT_CHECKED,1.00,APPLY_CHANGE,CONFIDENCE_HIGH,True,chassis,Cisco,chassis,0.70,NO_AI_ACTION,AGENT_VENDOR_MODEL
Cisco 7606,cisco 7606,Cisco,UNKNOWN,7606,https://www.cisco.com/c/en/us/products/index.html,,REJECTED:NO_EVIDENCE,0.55,SUGGEST_ONLY,CONFIDENCE_MEDIUM,False,Cisco 7606,Cisco,UNKNOWN,0.00,NO_AI_ACTION,AGENT_VENDOR_MODEL
Cisco 7609-s,cisco 7609-s,Cisco,UNKNOWN,7609-S,https://www.cisco.com/c/en/us/products/index.html,,REJECTED:NO_EVIDENCE,0.55,SUGGEST_ONLY,CONFIDENCE_MEDIUM,False,Cisco 7609-s,Cisco,UNKNOWN,0.00,NO_AI_ACTION,AGENT_VENDOR_MODEL
Cisco 8510,cisco 8510,Cisco,UNKNOWN,8510,https://www.cisco.com/c/en/us/products/index.html,,REJECTED:NO_EVIDENCE,0.55,SUGGEST_ONLY,CONFIDENCE_MEDIUM,False,Cisco 8510,Cisco,UNKNOWN,0.00,NO_AI_ACTION,AGENT_VENDOR_MODEL
Cisco 867VAE-K9,cisco 867vae-k9,Cisco,867vae-k9,UNKNOWN,https://www.cisco.com/c/en/us/products/index.html,,REJECTED:NO_EVIDENCE,0.80,SUGGEST_ONLY,CONFIDENCE_MEDIUM,False,Cisco 867VAE-K9,Cisco,867vae-k9,0.70,NO_AI_ACTION,AGENT_VENDOR_MODEL
Cisco 877,cisco 877,Cisco,UNKNOWN,877,https://www.cisco.com/c/en/us/products/index.html,,REJECTED:NO_EVIDENCE,0.55,SUGGEST_ONLY,CONFIDENCE_MEDIUM,False,Cisco 877,Cisco,UNKNOWN,0.00,NO_AI_ACTION,AGENT_VENDOR_MODEL
Cisco 887,cisco 887,Cisco,UNKNOWN,887,https://www.cisco.com/c/en/us/products/index.html,,REJECTED:NO_EVIDENCE,0.55,SUGGEST_ONLY,CONFIDENCE_MEDIUM,False,Cisco 887,Cisco,UNKNOWN,0.00,NO_AI_ACTION,AGENT_VENDOR_MODEL
Cisco 887va,cisco 887va,Cisco,887va,UNKNOWN,https://www.cisco.com/c/en/us/products/index.html,,REJECTED:NO_EVIDENCE,0.80,SUGGEST_ONLY,CONFIDENCE_MEDIUM,False,Cisco 887va,Cisco,887va,0.70,NO_AI_ACTION,AGENT_VENDOR_MODEL
Cisco 9200L-24T-4G,cisco 9200l-24t-4g,Cisco,-4g,9200L-24T,https://www.cisco.com/c/en/us/products/index.html,,NOT_CHECKED,1.00,APPLY_CHANGE,CONFIDENCE_HIGH,True,-4g,Cisco,-4g,0.70,NO_AI_ACTION,AGENT_VENDOR_MODEL
Cisco 9200L-48T-4G,cisco 9200l-48t-4g,Cisco,-4g,9200L-48T,https://www.cisco.com/c/en/us/products/index.html,,NOT_CHECKED,1.00,APPLY_CHANGE,CONFIDENCE_HIGH,True,-4g,Cisco,-4g,0.70,NO_AI_ACTION,AGENT_VENDOR_MODEL
Cisco Ace 4710,cisco ace 4710,Cisco,ace,4710,https://www.cisco.com/c/en/us/products/index.html,,NOT_CHECKED,1.00,APPLY_CHANGE,CONFIDENCE_HIGH,True,ace,Cisco,ace,0.70,NO_AI_ACTION,AGENT_VENDOR_MODEL
CISCO ACS SE,cisco acs se,Cisco,acs se,UNKNOWN,https://www.cisco.com/c/en/us/products/index.html,,REJECTED:NO_EVIDENCE,0.80,SUGGEST_ONLY,CONFIDENCE_MEDIUM,False,CISCO ACS SE,Cisco,acs se,0.70,NO_AI_ACTION,AGENT_VENDOR_MODEL
Cisco APIC L3,cisco apic l3,Cisco,apic l3,UNKNOWN,https://www.cisco.com/c/en/us/products/index.html,,REJECTED:NO_EVIDENCE,0.80,SUGGEST_ONLY,CONFIDENCE_MEDIUM,False,Cisco APIC L3,Cisco,apic l3,0.70,NO_AI_ACTION,AGENT_VENDOR_MODEL
Cisco As5300,cisco as5300,Cisco,as5300,UNKNOWN,https://www.cisco.com/c/en/us/products/index.html,,REJECTED:NO_EVIDENCE,0.80,SUGGEST_ONLY,CONFIDENCE_MEDIUM,False,Cisco As5300,Cisco,as5300,0.70,NO_AI_ACTION,AGENT_VENDOR_MODEL
Cisco As5350xm,cisco as5350xm,Cisco,as5350xm,UNKNOWN,https://www.cisco.com/c/en/us/products/index.html,,REJECTED:NO_EVIDENCE,0.80,SUGGEST_ONLY,CONFIDENCE_MEDIUM,False,Cisco As5350xm,Cisco,as5350xm,0.70,NO_AI_ACTION,AGENT_VENDOR_MODEL
Cisco As5400,cisco as5400,Cisco,as5400,UNKNOWN,https://www.cisco.com/c/en/us/products/index.html,,REJECTED:NO_EVIDENCE,0.80,SUGGEST_ONLY,CONFIDENCE_MEDIUM,False,Cisco As5400,Cisco,as5400,0.70,NO_AI_ACTION,AGENT_VENDOR_MODEL
Cisco As5400xm,cisco as5400xm,Cisco,as5400xm,UNKNOWN,https://www.cisco.com/c/en/us/products/index.html,,REJECTED:NO_EVIDENCE,0.80,SUGGEST_ONLY,CONFIDENCE_MEDIUM,False,Cisco As5400xm,Cisco,as5400xm,0.70,NO_AI_ACTION,AGENT_VENDOR_MODEL
Cisco ASA 4145 FIREPOWER,cisco asa 4145 firepower,Cisco,firepower,ASA 4145,https://www.cisco.com/c/en/us/products/index.html,,NOT_CHECKED,1.00,APPLY_CHANGE,CONFIDENCE_HIGH,True,firepower,Cisco,firepower,0.70,NO_AI_ACTION,AGENT_VENDOR_MODEL
CISCO ASA 5510,cisco asa 5510,Cisco,UNKNOWN,ASA 5510,https://www.cisco.com/c/en/us/products/index.html,,REJECTED:NO_EVIDENCE,0.55,SUGGEST_ONLY,CONFIDENCE_MEDIUM,False,CISCO ASA 5510,Cisco,UNKNOWN,0.00,NO_AI_ACTION,AGENT_VENDOR_MODEL
CISCO ASA 5515-x,cisco asa 5515-x,Cisco,-x,ASA 5515,https://www.cisco.com/c/en/us/products/index.html,,NOT_CHECKED,1.00,APPLY_CHANGE,CONFIDENCE_HIGH,True,-x,Cisco,-x,0.70,NO_AI_ACTION,AGENT_VENDOR_MODEL
Cisco ASA 5516-X,cisco asa 5516-x,Cisco,-x,ASA 5516,https://www.cisco.com/c/en/us/products/index.html,,NOT_CHECKED,1.00,APPLY_CHANGE,CONFIDENCE_HIGH,True,-x,Cisco,-x,0.70,NO_AI_ACTION,AGENT_VENDOR_MODEL
CISCO ASA 5520,cisco asa 5520,Cisco,UNKNOWN,ASA 5520,https://www.cisco.com/c/en/us/products/index.html,,REJECTED:NO_EVIDENCE,0.55,SUGGEST_ONLY,CONFIDENCE_MEDIUM,False,CISCO ASA 5520,Cisco,UNKNOWN,0.00,NO_AI_ACTION,AGENT_VENDOR_MODEL
CISCO ASA 5520 - ASA5520-K8 V2,cisco asa 5520 - asa5520-k8 v2,Cisco,- asa5520-k8 v2,ASA 5520,https://www.cisco.com/c/en/us/products/index.html,,NOT_CHECKED,1.00,APPLY_CHANGE,CONFIDENCE_HIGH,True,- asa5520-k8 v2,Cisco,- asa5520-k8 v2,0.70,NO_AI_ACTION,AGENT_VENDOR_MODEL
Cisco ASA 5525-X,cisco asa 5525-x,Cisco,-x,ASA 5525,https://www.cisco.com/c/en/us/products/index.html,,NOT_CHECKED,1.00,APPLY_CHANGE,CONFIDENCE_HIGH,True,-x,Cisco,-x,0.70,NO_AI_ACTION,AGENT_VENDOR_MODEL
CISCO ASA 5540,cisco asa 5540,Cisco,UNKNOWN,ASA 5540,https://www.cisco.com/c/en/us/products/index.html,,REJECTED:NO_EVIDENCE,0.55,SUGGEST_ONLY,CONFIDENCE_MEDIUM,False,CISCO ASA 5540,Cisco,UNKNOWN,0.00,NO_AI_ACTION,AGENT_VENDOR_MODEL
Cisco ASA 5545-X,cisco asa 5545-x,Cisco,-x,ASA 5545,https://www.cisco.com/c/en/us/products/index.html,,NOT_CHECKED,1.00,APPLY_CHANGE,CONFIDENCE_HIGH,True,-x,Cisco,-x,0.70,NO_AI_ACTION,AGENT_VENDOR_MODEL
CISCO ASA 5550,cisco asa 5550,Cisco,UNKNOWN,ASA 5550,https://www.cisco.com/c/en/us/products/index.html,,REJECTED:NO_EVIDENCE,0.55,SUGGEST_ONLY,CONFIDENCE_MEDIUM,False,CISCO ASA 5550,Cisco,UNKNOWN,0.00,NO_AI_ACTION,AGENT_VENDOR_MODEL
Cisco ASA 5555-X,cisco asa 5555-x,Cisco,-x,ASA 5555,https://www.cisco.com/c/en/us/products/index.html,,NOT_CHECKED,1.00,APPLY_CHANGE,CONFIDENCE_HIGH,True,-x,Cisco,-x,0.70,NO_AI_ACTION,AGENT_VENDOR_MODEL
CISCO ASA 5585-X,cisco asa 5585-x,Cisco,-x,ASA 5585,https://www.cisco.com/c/en/us/products/index.html,,NOT_CHECKED,1.00,APPLY_CHANGE,CONFIDENCE_HIGH,True,-x,Cisco,-x,0.70,NO_AI_ACTION,AGENT_VENDOR_MODEL
Cisco ASA Aip Ssm-10,cisco asa aip ssm-10,Cisco,asa aip ssm-10,UNKNOWN,https://www.cisco.com/c/en/us/products/index.html,,REJECTED:ppliances 41000 chassis 61000 chassis 1200r appliance cisco asa55xx security appliances connected grid routers cgr connecte,0.80,SUGGEST_ONLY,CONFIDENCE_MEDIUM,False,Cisco ASA Aip Ssm-10,Cisco,asa aip ssm-10,0.70,NO_AI_ACTION,AGENT_VENDOR_MODEL
Cisco ASA Aip Ssm-20,cisco asa aip ssm-20,Cisco,asa aip ssm-20,UNKNOWN,https://www.cisco.com/c/en/us/products/index.html,,REJECTED:ppliances 41000 chassis 61000 chassis 1200r appliance cisco asa55xx security appliances connected grid routers cgr connecte,0.80,SUGGEST_ONLY,CONFIDENCE_MEDIUM,False,Cisco ASA Aip Ssm-20,Cisco,asa aip ssm-20,0.70,NO_AI_ACTION,AGENT_VENDOR_MODEL
Cisco ASR 1001,cisco asr 1001,Cisco,asr,1001,https://www.cisco.com/c/en/us/products/index.html,,NOT_CHECKED,1.00,APPLY_CHANGE,CONFIDENCE_HIGH,True,asr,Cisco,asr,0.70,NO_AI_ACTION,AGENT_VENDOR_MODEL
Cisco ASR 1001-X,cisco asr 1001-x,Cisco,asr,1001-X,https://www.cisco.com/c/en/us/products/index.html,,NOT_CHECKED,1.00,APPLY_CHANGE,CONFIDENCE_HIGH,True,asr,Cisco,asr,0.70,NO_AI_ACTION,AGENT_VENDOR_MODEL
Cisco ASR 1002,cisco asr 1002,Cisco,asr,1002,https://www.cisco.com/c/en/us/products/index.html,,NOT_CHECKED,1.00,APPLY_CHANGE,CONFIDENCE_HIGH,True,asr,Cisco,asr,0.70,NO_AI_ACTION,AGENT_VENDOR_MODEL
Cisco ASR 1002-X,cisco asr 1002-x,Cisco,asr,1002-X,https://www.cisco.com/c/en/us/products/index.html,,NOT_CHECKED,1.00,APPLY_CHANGE,CONFIDENCE_HIGH,True,asr,Cisco,asr,0.70,NO_AI_ACTION,AGENT_VENDOR_MODEL
Cisco ASR 1006,cisco asr 1006,Cisco,asr,1006,https://www.cisco.com/c/en/us/products/index.html,,NOT_CHECKED,1.00,APPLY_CHANGE,CONFIDENCE_HIGH,True,asr,Cisco,asr,0.70,NO_AI_ACTION,AGENT_VENDOR_MODEL
Cisco ASR 9000 Series,cisco asr 9000 series,Cisco,asr,9000,https://www.cisco.com/c/en/us/products/index.html,,NOT_CHECKED,1.00,APPLY_CHANGE,CONFIDENCE_HIGH,True,asr,Cisco,asr,0.70,NO_AI_ACTION,AGENT_VENDOR_MODEL
CISCO ASR 9010,cisco asr 9010,Cisco,asr,9010,https://www.cisco.com/c/en/us/products/index.html,,NOT_CHECKED,1.00,APPLY_CHANGE,CONFIDENCE_HIGH,True,asr,Cisco,asr,0.70,NO_AI_ACTION,AGENT_VENDOR_MODEL
Cisco ASR 9904,cisco asr 9904,Cisco,asr,9904,https://www.cisco.com/c/en/us/products/index.html,,NOT_CHECKED,1.00,APPLY_CHANGE,CONFIDENCE_HIGH,True,asr,Cisco,asr,0.70,NO_AI_ACTION,AGENT_VENDOR_MODEL
Cisco ASR 9906,cisco asr 9906,Cisco,asr,9906,https://www.cisco.com/c/en/us/products/index.html,,NOT_CHECKED,1.00,APPLY_CHANGE,CONFIDENCE_HIGH,True,asr,Cisco,asr,0.70,NO_AI_ACTION,AGENT_VENDOR_MODEL
Cisco ASR 9922,cisco asr 9922,Cisco,asr,9922,https://www.cisco.com/c/en/us/products/index.html,,NOT_CHECKED,1.00,APPLY_CHANGE,CONFIDENCE_HIGH,True,asr,Cisco,asr,0.70,NO_AI_ACTION,AGENT_VENDOR_MODEL
Cisco ASR-9000V-AC,cisco asr-9000v-ac,Cisco,asr-,9000V-AC,https://www.cisco.com/c/en/us/products/index.html,,NOT_CHECKED,1.00,APPLY_CHANGE,CONFIDENCE_HIGH,True,asr-,Cisco,asr-,0.70,NO_AI_ACTION,AGENT_VENDOR_MODEL
Cisco ASR-9001,cisco asr-9001,Cisco,asr-,9001,https://www.cisco.com/c/en/us/products/index.html,,NOT_CHECKED,1.00,APPLY_CHANGE,CONFIDENCE_HIGH,True,asr-,Cisco,asr-,0.70,NO_AI_ACTION,AGENT_VENDOR_MODEL
Cisco ASR-9010,cisco asr-9010,Cisco,asr-,9010,https://www.cisco.com/c/en/us/products/index.html,,NOT_CHECKED,1.00,APPLY_CHANGE,CONFIDENCE_HIGH,True,asr-,Cisco,asr-,0.70,NO_AI_ACTION,AGENT_VENDOR_MODEL
Cisco ASR-9901,cisco asr-9901,Cisco,asr-,9901,https://www.cisco.com/c/en/us/products/index.html,,NOT_CHECKED,1.00,APPLY_CHANGE,CONFIDENCE_HIGH,True,asr-,Cisco,asr-,0.70,NO_AI_ACTION,AGENT_VENDOR_MODEL
Cisco ASR-9902,cisco asr-9902,Cisco,asr-,9902,https://www.cisco.com/c/en/us/products/index.html,,NOT_CHECKED,1.00,APPLY_CHANGE,CONFIDENCE_HIGH,True,asr-,Cisco,asr-,0.70,NO_AI_ACTION,AGENT_VENDOR_MODEL
Cisco ASR-9903,cisco asr-9903,Cisco,asr-,9903,https://www.cisco.com/c/en/us/products/index.html,,NOT_CHECKED,1.00,APPLY_CHANGE,CONFIDENCE_HIGH,True,asr-,Cisco,asr-,0.70,NO_AI_ACTION,AGENT_VENDOR_MODEL
Cisco C6807-XL,cisco c6807-xl,Cisco,c6807-xl,UNKNOWN,https://www.cisco.com/c/en/us/products/index.html,,REJECTED:NO_EVIDENCE,0.80,SUGGEST_ONLY,CONFIDENCE_MEDIUM,False,Cisco C6807-XL,Cisco,c6807-xl,0.70,NO_AI_ACTION,AGENT_VENDOR_MODEL
Cisco C9300-24P,cisco c9300-24p,Cisco,c9300-24p,UNKNOWN,https://www.cisco.com/c/en/us/products/index.html,,REJECTED:NO_EVIDENCE,0.80,SUGGEST_ONLY,CONFIDENCE_MEDIUM,False,Cisco C9300-24P,Cisco,c9300-24p,0.70,NO_AI_ACTION,AGENT_VENDOR_MODEL
Cisco C9300-24S-E,cisco c9300-24s-e,Cisco,c9300-24s-e,UNKNOWN,https://www.cisco.com/c/en/us/products/index.html,,REJECTED:NO_EVIDENCE,0.80,SUGGEST_ONLY,CONFIDENCE_MEDIUM,False,Cisco C9300-24S-E,Cisco,c9300-24s-e,0.70,NO_AI_ACTION,AGENT_VENDOR_MODEL
Cisco C9800-40-K9,cisco c9800-40-k9,Cisco,c9800-40-k9,UNKNOWN,https://www.cisco.com/c/en/us/products/index.html,,REJECTED:NO_EVIDENCE,0.80,SUGGEST_ONLY,CONFIDENCE_MEDIUM,False,Cisco C9800-40-K9,Cisco,c9800-40-k9,0.70,NO_AI_ACTION,AGENT_VENDOR_MODEL
Cisco Catalyst 2950g-48,cisco catalyst 2950g-48,Cisco,catalyst,2950G-48,https://www.cisco.com/c/en/us/products/index.html,,NOT_CHECKED,1.00,APPLY_CHANGE,CONFIDENCE_HIGH,True,catalyst,Cisco,catalyst,0.70,NO_AI_ACTION,AGENT_VENDOR_MODEL
Cisco Catalyst 2960 - L Series,cisco catalyst 2960 - l series,Cisco,catalyst - l,2960,https://www.cisco.com/c/en/us/products/index.html,,NOT_CHECKED,1.00,APPLY_CHANGE,CONFIDENCE_HIGH,True,catalyst - l,Cisco,catalyst - l,0.70,NO_AI_ACTION,AGENT_VENDOR_MODEL
Cisco Catalyst 2960+24TC-S,cisco catalyst 2960 24tc-s,Cisco,catalyst 24tc-s,2960,https://www.cisco.com/c/en/us/products/index.html,,NOT_CHECKED,1.00,APPLY_CHANGE,CONFIDENCE_HIGH,True,catalyst 24tc-s,Cisco,catalyst 24tc-s,0.70,NO_AI_ACTION,AGENT_VENDOR_MODEL
Cisco Catalyst 2960 L Series,cisco catalyst 2960 l series,Cisco,catalyst l,2960,https://www.cisco.com/c/en/us/products/index.html,,NOT_CHECKED,1.00,APPLY_CHANGE,CONFIDENCE_HIGH,True,catalyst l,Cisco,catalyst l,0.70,NO_AI_ACTION,AGENT_VENDOR_MODEL
CISCO CATALYST 2960 Plus Series SI,cisco catalyst 2960 plus series si,Cisco,catalyst plus si,2960,https://www.cisco.com/c/en/us/products/index.html,,NOT_CHECKED,1.00,APPLY_CHANGE,CONFIDENCE_HIGH,True,catalyst plus si,Cisco,catalyst plus si,0.70,NO_AI_ACTION,AGENT_VENDOR_MODEL
Cisco CATALYST 2960-24TC-L,cisco catalyst 2960-24tc-l,Cisco,catalyst -l,2960-24TC,https://www.cisco.com/c/en/us/products/index.html,,NOT_CHECKED,1.00,APPLY_CHANGE,CONFIDENCE_HIGH,True,catalyst -l,Cisco,catalyst -l,0.70,NO_AI_ACTION,AGENT_VENDOR_MODEL
CISCO CATALYST 2960-48TC-L,cisco catalyst 2960-48tc-l,Cisco,catalyst -l,2960-48TC,https://www.cisco.com/c/en/us/products/index.html,,NOT_CHECKED,1.00,APPLY_CHANGE,CONFIDENCE_HIGH,True,catalyst -l,Cisco,catalyst -l,0.70,NO_AI_ACTION,AGENT_VENDOR_MODEL
Cisco Catalyst 2960-48tc-s Switch,cisco catalyst 2960-48tc-s switch,Cisco,catalyst -s,2960-48TC,https://www.cisco.com/c/en/us/products/index.html,,NOT_CHECKED,1.00,APPLY_CHANGE,CONFIDENCE_HIGH,True,catalyst -s,Cisco,catalyst -s,0.70,NO_AI_ACTION,AGENT_VENDOR_MODEL
Cisco Catalyst 2960G-24TC-L,cisco catalyst 2960g-24tc-l,Cisco,catalyst -l,2960G-24TC,https://www.cisco.com/c/en/us/products/index.html,,NOT_CHECKED,1.00,APPLY_CHANGE,CONFIDENCE_HIGH,True,catalyst -l,Cisco,catalyst -l,0.70,NO_AI_ACTION,AGENT_VENDOR_MODEL
Cisco Catalyst 3550-24,cisco catalyst 3550-24,Cisco,catalyst,3550-24,https://www.cisco.com/c/en/us/products/index.html,,NOT_CHECKED,1.00,APPLY_CHANGE,CONFIDENCE_HIGH,True,catalyst,Cisco,catalyst,0.70,NO_AI_ACTION,AGENT_VENDOR_MODEL
Cisco Catalyst 3750x-48t-s,cisco catalyst 3750x-48t-s,Cisco,catalyst -s,3750X-48T,https://www.cisco.com/c/en/us/products/index.html,,NOT_CHECKED,1.00,APPLY_CHANGE,CONFIDENCE_HIGH,True,catalyst -s,Cisco,catalyst -s,0.70,NO_AI_ACTION,AGENT_VENDOR_MODEL
Cisco CATALYST 4500-X,cisco catalyst 4500-x,Cisco,catalyst,4500-X,https://www.cisco.com/c/en/us/products/index.html,,NOT_CHECKED,1.00,APPLY_CHANGE,CONFIDENCE_HIGH,True,catalyst,Cisco,catalyst,0.70,NO_AI_ACTION,AGENT_VENDOR_MODEL
CISCO CATALYST 4500-X - WS-C4500X-32SFP PLUS,cisco catalyst 4500-x - ws-c4500x-32sfp plus,Cisco,catalyst - ws-c4500x-32sfp plus,4500-X,https://www.cisco.com/c/en/us/products/index.html,,NOT_CHECKED,1.00,APPLY_CHANGE,CONFIDENCE_HIGH,True,catalyst - ws-c4500x-32sfp plus,Cisco,catalyst - ws-c4500x-32sfp plus,0.70,NO_AI_ACTION,AGENT_VENDOR_MODEL
CISCO CATALYST 4507R,cisco catalyst 4507r,Cisco,catalyst,4507R,https://www.cisco.com/c/en/us/products/index.html,,NOT_CHECKED,1.00,APPLY_CHANGE,CONFIDENCE_HIGH,True,catalyst,Cisco,catalyst,0.70,NO_AI_ACTION,AGENT_VENDOR_MODEL
Cisco Catalyst 4507R+E,cisco catalyst 4507r e,Cisco,catalyst e,4507R,https://www.cisco.com/c/en/us/products/index.html,,NOT_CHECKED,1.00,APPLY_CHANGE,CONFIDENCE_HIGH,True,catalyst e,Cisco,catalyst e,0.70,NO_AI_ACTION,AGENT_VENDOR_MODEL
Cisco Catalyst 4507r+e Switch,cisco catalyst 4507r e switch,Cisco,catalyst e,4507R,https://www.cisco.com/c/en/us/products/index.html,,NOT_CHECKED,1.00,APPLY_CHANGE,CONFIDENCE_HIGH,True,catalyst e,Cisco,catalyst e,0.70,NO_AI_ACTION,AGENT_VENDOR_MODEL
CISCO CATALYST 4507R-E,cisco catalyst 4507r-e,Cisco,catalyst,4507R-E,https://www.cisco.com/c/en/us/products/index.html,,NOT_CHECKED,1.00,APPLY_CHANGE,CONFIDENCE_HIGH,True,catalyst,Cisco,catalyst,0.70,NO_AI_ACTION,AGENT_VENDOR_MODEL
Cisco Catalyst 4900m,cisco catalyst 4900m,Cisco,catalyst,4900M,https://www.cisco.com/c/en/us/products/index.html,,NOT_CHECKED,1.00,APPLY_CHANGE,CONFIDENCE_HIGH,True,catalyst,Cisco,catalyst,0.70,NO_AI_ACTION,AGENT_VENDOR_MODEL
Cisco Catalyst 4948,cisco catalyst 4948,Cisco,catalyst,4948,https://www.cisco.com/c/en/us/products/index.html,,NOT_CHECKED,1.00,APPLY_CHANGE,CONFIDENCE_HIGH,True,catalyst,Cisco,catalyst,0.70,NO_AI_ACTION,AGENT_VENDOR_MODEL
CISCO CATALYST 4948 - WS-C4948,cisco catalyst 4948 - ws-c4948,Cisco,catalyst - ws-c,4948,https://www.cisco.com/c/en/us/products/index.html,,NOT_CHECKED,1.00,APPLY_CHANGE,CONFIDENCE_HIGH,True,catalyst - ws-c,Cisco,catalyst - ws-c,0.70,NO_AI_ACTION,AGENT_VENDOR_MODEL
CISCO CATALYST 4948-E,cisco catalyst 4948-e,Cisco,catalyst,4948-E,https://www.cisco.com/c/en/us/products/index.html,,NOT_CHECKED,1.00,APPLY_CHANGE,CONFIDENCE_HIGH,True,catalyst,Cisco,catalyst,0.70,NO_AI_ACTION,AGENT_VENDOR_MODEL
Cisco Catalyst 4948E,cisco catalyst 4948e,Cisco,catalyst,4948E,https://www.cisco.com/c/en/us/products/index.html,,NOT_CHECKED,1.00,APPLY_CHANGE,CONFIDENCE_HIGH,True,catalyst,Cisco,catalyst,0.70,NO_AI_ACTION,AGENT_VENDOR_MODEL
CISCO CATALYST 6506,cisco catalyst 6506,Cisco,catalyst,6506,https://www.cisco.com/c/en/us/products/index.html,,NOT_CHECKED,1.00,APPLY_CHANGE,CONFIDENCE_HIGH,True,catalyst,Cisco,catalyst,0.70,NO_AI_ACTION,AGENT_VENDOR_MODEL
CISCO CATALYST 6509,cisco catalyst 6509,Cisco,catalyst,6509,https://www.cisco.com/c/en/us/products/index.html,,NOT_CHECKED,1.00,APPLY_CHANGE,CONFIDENCE_HIGH,True,catalyst,Cisco,catalyst,0.70,NO_AI_ACTION,AGENT_VENDOR_MODEL
Cisco CATALYST 6509-E,cisco catalyst 6509-e,Cisco,catalyst,6509-E,https://www.cisco.com/c/en/us/products/index.html,,NOT_CHECKED,1.00,APPLY_CHANGE,CONFIDENCE_HIGH,True,catalyst,Cisco,catalyst,0.70,NO_AI_ACTION,AGENT_VENDOR_MODEL
Cisco Catalyst 6509-V-E,cisco catalyst 6509-v-e,Cisco,catalyst -e,6509-V,https://www.cisco.com/c/en/us/products/index.html,,NOT_CHECKED,1.00,APPLY_CHANGE,CONFIDENCE_HIGH,True,catalyst -e,Cisco,catalyst -e,0.70,NO_AI_ACTION,AGENT_VENDOR_MODEL
CISCO CATALYST 6513,cisco catalyst 6513,Cisco,catalyst,6513,https://www.cisco.com/c/en/us/products/index.html,,NOT_CHECKED,1.00,APPLY_CHANGE,CONFIDENCE_HIGH,True,catalyst,Cisco,catalyst,0.70,NO_AI_ACTION,AGENT_VENDOR_MODEL
Cisco Catalyst C9200 L 48,cisco catalyst c9200 l 48,Cisco,catalyst c9200 l 48,UNKNOWN,https://www.cisco.com/c/en/us/products/index.html,,REJECTED:nces connected grid routers cgr connected grid switches cgs catalyst 8000 routers catalyst switches 1900 2900 2960 2960xr 3560 3,0.80,SUGGEST_ONLY,CONFIDENCE_MEDIUM,False,Cisco Catalyst C9200 L 48,Cisco,catalyst c9200 l 48,0.70,NO_AI_ACTION,AGENT_VENDOR_MODEL
Cisco Catalyst C9200-48T,cisco catalyst c9200-48t,Cisco,catalyst c9200-48t,UNKNOWN,https://www.cisco.com/c/en/us/products/index.html,,REJECTED:nces connected grid routers cgr connected grid switches cgs catalyst 8000 routers catalyst switches 1900 2900 2960 2960xr 3560 3,0.80,SUGGEST_ONLY,CONFIDENCE_MEDIUM,False,Cisco Catalyst C9200-48T,Cisco,catalyst c9200-48t,0.70,NO_AI_ACTION,AGENT_VENDOR_MODEL
Cisco Catalyst C9300-48P,cisco catalyst c9300-48p,Cisco,catalyst c9300-48p,UNKNOWN,https://www.cisco.com/c/en/us/products/index.html,,REJECTED:nces connected grid routers cgr connected grid switches cgs catalyst 8000 routers catalyst switches 1900 2900 2960 2960xr 3560 3,0.80,SUGGEST_ONLY,CONFIDENCE_MEDIUM,False,Cisco Catalyst C9300-48P,Cisco,catalyst c9300-48p,0.70,NO_AI_ACTION,AGENT_VENDOR_MODEL
Cisco Catalyst C9300L-48,cisco catalyst c9300l-48,Cisco,catalyst c9300l-48,UNKNOWN,https://www.cisco.com/c/en/us/products/index.html,,REJECTED:nces connected grid routers cgr connected grid switches cgs catalyst 8000 routers catalyst switches 1900 2900 2960 2960xr 3560 3,0.80,SUGGEST_ONLY,CONFIDENCE_MEDIUM,False,Cisco Catalyst C9300L-48,Cisco,catalyst c9300l-48,0.70,NO_AI_ACTION,AGENT_VENDOR_MODEL
Cisco Catalyst C9407R,cisco catalyst c9407r,Cisco,catalyst c9407r,UNKNOWN,https://www.cisco.com/c/en/us/products/index.html,,REJECTED:nces connected grid routers cgr connected grid switches cgs catalyst 8000 routers catalyst switches 1900 2900 2960 2960xr 3560 3,0.80,SUGGEST_ONLY,CONFIDENCE_MEDIUM,False,Cisco Catalyst C9407R,Cisco,catalyst c9407r,0.70,NO_AI_ACTION,AGENT_VENDOR_MODEL
Cisco Catalyst C9500-24Q,cisco catalyst c9500-24q,Cisco,catalyst c9500-24q,UNKNOWN,https://www.cisco.com/c/en/us/products/index.html,,REJECTED:nces connected grid routers cgr connected grid switches cgs catalyst 8000 routers catalyst switches 1900 2900 2960 2960xr 3560 3,0.80,SUGGEST_ONLY,CONFIDENCE_MEDIUM,False,Cisco Catalyst C9500-24Q,Cisco,catalyst c9500-24q,0.70,NO_AI_ACTION,AGENT_VENDOR_MODEL
Cisco CISCO NCS-55A1-24H,cisco cisco ncs-55a1-24h,Cisco,ncs-55a1-24h,UNKNOWN,https://www.cisco.com/c/en/us/products/index.html,,REJECTED:NO_EVIDENCE,0.80,SUGGEST_ONLY,CONFIDENCE_MEDIUM,False,Cisco CISCO NCS-55A1-24H,Cisco,ncs-55a1-24h,0.70,NO_AI_ACTION,AGENT_VENDOR_MODEL
Cisco DNA Center Appliance,cisco dna center appliance,Cisco,dna,UNKNOWN,https://www.cisco.com/c/en/us/products/index.html,,REJECTED:NO_EVIDENCE,0.80,SUGGEST_ONLY,CONFIDENCE_MEDIUM,False,Cisco DNA Center Appliance,Cisco,dna,0.70,NO_AI_ACTION,AGENT_VENDOR_MODEL
Cisco Firepower 4145,cisco firepower 4145,Cisco,firepower,4145,https://www.cisco.com/c/en/us/products/index.html,,NOT_CHECKED,1.00,APPLY_CHANGE,CONFIDENCE_HIGH,True,firepower,Cisco,firepower,0.70,NO_AI_ACTION,AGENT_VENDOR_MODEL
Cisco FPR4100,cisco fpr4100,Cisco,fpr4100,UNKNOWN,https://www.cisco.com/c/en/us/products/index.html,,REJECTED:NO_EVIDENCE,0.80,SUGGEST_ONLY,CONFIDENCE_MEDIUM,False,Cisco FPR4100,Cisco,fpr4100,0.70,NO_AI_ACTION,AGENT_VENDOR_MODEL
CISCO GSS-4490-K9,cisco gss-4490-k9,Cisco,gss-,4490-K9,https://www.cisco.com/c/en/us/products/index.html,,NOT_CHECKED,1.00,APPLY_CHANGE,CONFIDENCE_HIGH,True,gss-,Cisco,gss-,0.70,NO_AI_ACTION,AGENT_VENDOR_MODEL
Cisco IOS XRV9000-APLN-ROUT,cisco ios xrv9000-apln-rout,Cisco,ios xrv9000-apln-rout,UNKNOWN,https://www.cisco.com/c/en/us/products/index.html,,REJECTED:NO_EVIDENCE,0.80,SUGGEST_ONLY,CONFIDENCE_MEDIUM,False,Cisco IOS XRV9000-APLN-ROUT,Cisco,ios xrv9000-apln-rout,0.70,NO_AI_ACTION,AGENT_VENDOR_MODEL
CISCO MDS 9134,cisco mds 9134,Cisco,mds,9134,https://www.cisco.com/c/en/us/products/index.html,,NOT_CHECKED,1.00,APPLY_CHANGE,CONFIDENCE_HIGH,True,mds,Cisco,mds,0.70,NO_AI_ACTION,AGENT_VENDOR_MODEL
Cisco MDS 9148,cisco mds 9148,Cisco,mds,9148,https://www.cisco.com/c/en/us/products/index.html,,NOT_CHECKED,1.00,APPLY_CHANGE,CONFIDENCE_HIGH,True,mds,Cisco,mds,0.70,NO_AI_ACTION,AGENT_VENDOR_MODEL
Cisco MDS 9148S 16G Multilayer Fabric Switch,cisco mds 9148s 16g multilayer fabric switch,Cisco,mds 16g multilayer,9148S,https://www.cisco.com/c/en/us/products/index.html,,NOT_CHECKED,1.00,APPLY_CHANGE,CONFIDENCE_HIGH,True,mds 16g multilayer,Cisco,mds 16g multilayer,0.70,NO_AI_ACTION,AGENT_VENDOR_MODEL
Cisco MDS 9396S 16G Multilayer Fabric Switch,cisco mds 9396s 16g multilayer fabric switch,Cisco,mds 16g multilayer,9396S,https://www.cisco.com/c/en/us/products/index.html,,NOT_CHECKED,1.00,APPLY_CHANGE,CONFIDENCE_HIGH,True,mds 16g multilayer,Cisco,mds 16g multilayer,0.70,NO_AI_ACTION,AGENT_VENDOR_MODEL
CISCO MDS 9513,cisco mds 9513,Cisco,mds,9513,https://www.cisco.com/c/en/us/products/index.html,,NOT_CHECKED,1.00,APPLY_CHANGE,CONFIDENCE_HIGH,True,mds,Cisco,mds,0.70,NO_AI_ACTION,AGENT_VENDOR_MODEL
Cisco MDS 9710,cisco mds 9710,Cisco,mds,9710,https://www.cisco.com/c/en/us/products/index.html,,NOT_CHECKED,1.00,APPLY_CHANGE,CONFIDENCE_HIGH,True,mds,Cisco,mds,0.70,NO_AI_ACTION,AGENT_VENDOR_MODEL
Cisco MDS 9718 Multilayer Director,cisco mds 9718 multilayer director,Cisco,mds multilayer director,9718,https://www.cisco.com/c/en/us/products/index.html,,NOT_CHECKED,1.00,APPLY_CHANGE,CONFIDENCE_HIGH,True,mds multilayer director,Cisco,mds multilayer director,0.70,NO_AI_ACTION,AGENT_VENDOR_MODEL
Cisco ME-3600X-24TS-M,cisco me-3600x-24ts-m,Cisco,me- -m,3600X-24TS,https://www.cisco.com/c/en/us/products/index.html,,NOT_CHECKED,1.00,APPLY_CHANGE,CONFIDENCE_HIGH,True,me- -m,Cisco,me- -m,0.70,NO_AI_ACTION,AGENT_VENDOR_MODEL
Cisco MGMT-CWA-ASWT-03,cisco mgmt-cwa-aswt-03,Cisco,mgmt-cwa-aswt-03,UNKNOWN,https://www.cisco.com/c/en/us/products/index.html,,REJECTED:NO_EVIDENCE,0.80,SUGGEST_ONLY,CONFIDENCE_MEDIUM,False,Cisco MGMT-CWA-ASWT-03,Cisco,mgmt-cwa-aswt-03,0.70,NO_AI_ACTION,AGENT_VENDOR_MODEL
Cisco N3K-C31108PC-V,cisco n3k-c31108pc-v,Cisco,n3k-c31108pc-v,UNKNOWN,https://www.cisco.com/c/en/us/products/index.html,,REJECTED:NO_EVIDENCE,0.80,SUGGEST_ONLY,CONFIDENCE_MEDIUM,False,Cisco N3K-C31108PC-V,Cisco,n3k-c31108pc-v,0.70,NO_AI_ACTION,AGENT_VENDOR_MODEL
Cisco N540X-ACC-SYS,cisco n540x-acc-sys,Cisco,n540x-acc-sys,UNKNOWN,https://www.cisco.com/c/en/us/products/index.html,,REJECTED:NO_EVIDENCE,0.80,SUGGEST_ONLY,CONFIDENCE_MEDIUM,False,Cisco N540X-ACC-SYS,Cisco,n540x-acc-sys,0.70,NO_AI_ACTION,AGENT_VENDOR_MODEL
Cisco N9K-C93240YC-FX2,cisco n9k-c93240yc-fx2,Cisco,n9k-c93240yc-fx2,UNKNOWN,https://www.cisco.com/c/en/us/products/index.html,,REJECTED:NO_EVIDENCE,0.80,SUGGEST_ONLY,CONFIDENCE_MEDIUM,False,Cisco N9K-C93240YC-FX2,Cisco,n9k-c93240yc-fx2,0.70,NO_AI_ACTION,AGENT_VENDOR_MODEL
Cisco NCS 5508,cisco ncs 5508,Cisco,ncs,5508,https://www.cisco.com/c/en/us/products/index.html,,NOT_CHECKED,1.00,APPLY_CHANGE,CONFIDENCE_HIGH,True,ncs,Cisco,ncs,0.70,NO_AI_ACTION,AGENT_VENDOR_MODEL
Cisco Nexus 2224TP GE Fabric Extender,cisco nexus 2224tp ge fabric extender,Cisco,nexus 2224tp ge extender,UNKNOWN,https://www.cisco.com/c/en/us/products/index.html,,REJECTED:ters 4200 4300 4400 mds switches meraki appliances mr mx ms nexus switches n2k fex n3k n5k n6k n7k n9k select ldos components,0.80,SUGGEST_ONLY,CONFIDENCE_MEDIUM,False,Cisco Nexus 2224TP GE Fabric Extender,Cisco,nexus 2224tp ge extender,0.70,NO_AI_ACTION,AGENT_VENDOR_MODEL
CISCO NEXUS 2232PP,cisco nexus 2232pp,Cisco,nexus 2232pp,UNKNOWN,https://www.cisco.com/c/en/us/products/index.html,,REJECTED:ters 4200 4300 4400 mds switches meraki appliances mr mx ms nexus switches n2k fex n3k n5k n6k n7k n9k select ldos components,0.80,SUGGEST_ONLY,CONFIDENCE_MEDIUM,False,CISCO NEXUS 2232PP,Cisco,nexus 2232pp,0.70,NO_AI_ACTION,AGENT_VENDOR_MODEL
Cisco Nexus 2232PP 10GE,cisco nexus 2232pp 10ge,Cisco,nexus 2232pp 10ge,UNKNOWN,https://www.cisco.com/c/en/us/products/index.html,,REJECTED:ters 4200 4300 4400 mds switches meraki appliances mr mx ms nexus switches n2k fex n3k n5k n6k n7k n9k select ldos components,0.80,SUGGEST_ONLY,CONFIDENCE_MEDIUM,False,Cisco Nexus 2232PP 10GE,Cisco,nexus 2232pp 10ge,0.70,NO_AI_ACTION,AGENT_VENDOR_MODEL
Cisco Nexus 2232TM,cisco nexus 2232tm,Cisco,nexus 2232tm,UNKNOWN,https://www.cisco.com/c/en/us/products/index.html,,REJECTED:ters 4200 4300 4400 mds switches meraki appliances mr mx ms nexus switches n2k fex n3k n5k n6k n7k n9k select ldos components,0.80,SUGGEST_ONLY,CONFIDENCE_MEDIUM,False,Cisco Nexus 2232TM,Cisco,nexus 2232tm,0.70,NO_AI_ACTION,AGENT_VENDOR_MODEL
CISCO NEXUS 2248TP GE,cisco nexus 2248tp ge,Cisco,nexus 2248tp ge,UNKNOWN,https://www.cisco.com/c/en/us/products/index.html,,REJECTED:ters 4200 4300 4400 mds switches meraki appliances mr mx ms nexus switches n2k fex n3k n5k n6k n7k n9k select ldos components,0.80,SUGGEST_ONLY,CONFIDENCE_MEDIUM,False,CISCO NEXUS 2248TP GE,Cisco,nexus 2248tp ge,0.70,NO_AI_ACTION,AGENT_VENDOR_MODEL
Cisco Nexus 2248TP-E,cisco nexus 2248tp-e,Cisco,nexus 2248tp-e,UNKNOWN,https://www.cisco.com/c/en/us/products/index.html,,REJECTED:ters 4200 4300 4400 mds switches meraki appliances mr mx ms nexus switches n2k fex n3k n5k n6k n7k n9k select ldos components,0.80,SUGGEST_ONLY,CONFIDENCE_MEDIUM,False,Cisco Nexus 2248TP-E,Cisco,nexus 2248tp-e,0.70,NO_AI_ACTION,AGENT_VENDOR_MODEL
Cisco Nexus 2348TQ,cisco nexus 2348tq,Cisco,nexus 2348tq,UNKNOWN,https://www.cisco.com/c/en/us/products/index.html,,REJECTED:ters 4200 4300 4400 mds switches meraki appliances mr mx ms nexus switches n2k fex n3k n5k n6k n7k n9k select ldos components,0.80,SUGGEST_ONLY,CONFIDENCE_MEDIUM,False,Cisco Nexus 2348TQ,Cisco,nexus 2348tq,0.70,NO_AI_ACTION,AGENT_VENDOR_MODEL
Cisco Nexus 3048TP,cisco nexus 3048tp,Cisco,nexus 3048tp,UNKNOWN,https://www.cisco.com/c/en/us/products/index.html,,REJECTED:ters 4200 4300 4400 mds switches meraki appliances mr mx ms nexus switches n2k fex n3k n5k n6k n7k n9k select ldos components,0.80,SUGGEST_ONLY,CONFIDENCE_MEDIUM,False,Cisco Nexus 3048TP,Cisco,nexus 3048tp,0.70,NO_AI_ACTION,AGENT_VENDOR_MODEL
CISCO NEXUS 5020,cisco nexus 5020,Cisco,nexus,5020,https://www.cisco.com/c/en/us/products/index.html,,NOT_CHECKED,1.00,APPLY_CHANGE,CONFIDENCE_HIGH,True,nexus,Cisco,nexus,0.70,NO_AI_ACTION,AGENT_VENDOR_MODEL
CISCO NEXUS 5548UP,cisco nexus 5548up,Cisco,nexus 5548up,UNKNOWN,https://www.cisco.com/c/en/us/products/index.html,,REJECTED:ters 4200 4300 4400 mds switches meraki appliances mr mx ms nexus switches n2k fex n3k n5k n6k n7k n9k select ldos components,0.80,SUGGEST_ONLY,CONFIDENCE_MEDIUM,False,CISCO NEXUS 5548UP,Cisco,nexus 5548up,0.70,NO_AI_ACTION,AGENT_VENDOR_MODEL
CISCO NEXUS 5548UP - N5K-C5548UP-FA REVERSED,cisco nexus 5548up - n5k-c5548up-fa reversed,Cisco,nexus 5548up - n5k-c5548up-fa reversed,UNKNOWN,https://www.cisco.com/c/en/us/products/index.html,,REJECTED:ters 4200 4300 4400 mds switches meraki appliances mr mx ms nexus switches n2k fex n3k n5k n6k n7k n9k select ldos components,0.80,SUGGEST_ONLY,CONFIDENCE_MEDIUM,False,CISCO NEXUS 5548UP - N5K-C5548UP-FA REVERSED,Cisco,nexus 5548up - n5k-c5548up-fa reversed,0.70,NO_AI_ACTION,AGENT_VENDOR_MODEL
Cisco Nexus 5596UP,cisco nexus 5596up,Cisco,nexus 5596up,UNKNOWN,https://www.cisco.com/c/en/us/products/index.html,,REJECTED:ters 4200 4300 4400 mds switches meraki appliances mr mx ms nexus switches n2k fex n3k n5k n6k n7k n9k select ldos components,0.80,SUGGEST_ONLY,CONFIDENCE_MEDIUM,False,Cisco Nexus 5596UP,Cisco,nexus 5596up,0.70,NO_AI_ACTION,AGENT_VENDOR_MODEL
Cisco Nexus 7000 10-Slot Switch,cisco nexus 7000 10-slot switch,Cisco,nexus 10-slot,7000,https://www.cisco.com/c/en/us/products/index.html,,NOT_CHECKED,1.00,APPLY_CHANGE,CONFIDENCE_HIGH,True,nexus 10-slot,Cisco,nexus 10-slot,0.70,NO_AI_ACTION,AGENT_VENDOR_MODEL
Cisco Nexus 7000 9-slot Switch,cisco nexus 7000 9-slot switch,Cisco,nexus 9-slot,7000,https://www.cisco.com/c/en/us/products/index.html,,NOT_CHECKED,1.00,APPLY_CHANGE,CONFIDENCE_HIGH,True,nexus 9-slot,Cisco,nexus 9-slot,0.70,NO_AI_ACTION,AGENT_VENDOR_MODEL
CISCO NEXUS 7009,cisco nexus 7009,Cisco,nexus,7009,https://www.cisco.com/c/en/us/products/index.html,,NOT_CHECKED,1.00,APPLY_CHANGE,CONFIDENCE_HIGH,True,nexus,Cisco,nexus,0.70,NO_AI_ACTION,AGENT_VENDOR_MODEL
CISCO NEXUS 7010,cisco nexus 7010,Cisco,nexus,7010,https://www.cisco.com/c/en/us/products/index.html,,NOT_CHECKED,1.00,APPLY_CHANGE,CONFIDENCE_HIGH,True,nexus,Cisco,nexus,0.70,NO_AI_ACTION,AGENT_VENDOR_MODEL
CISCO NEXUS 7018,cisco nexus 7018,Cisco,nexus,7018,https://www.cisco.com/c/en/us/products/index.html,,NOT_CHECKED,1.00,APPLY_CHANGE,CONFIDENCE_HIGH,True,nexus,Cisco,nexus,0.70,NO_AI_ACTION,AGENT_VENDOR_MODEL
Cisco Nexus 92348GC-X,cisco nexus 92348gc-x,Cisco,nexus 92348gc-x,UNKNOWN,https://www.cisco.com/c/en/us/products/index.html,,REJECTED:ters 4200 4300 4400 mds switches meraki appliances mr mx ms nexus switches n2k fex n3k n5k n6k n7k n9k select ldos components,0.80,SUGGEST_ONLY,CONFIDENCE_MEDIUM,False,Cisco Nexus 92348GC-X,Cisco,nexus 92348gc-x,0.70,NO_AI_ACTION,AGENT_VENDOR_MODEL
Cisco Nexus 93108TC-EX,cisco nexus 93108tc-ex,Cisco,nexus 93108tc-ex,UNKNOWN,https://www.cisco.com/c/en/us/products/index.html,,REJECTED:ters 4200 4300 4400 mds switches meraki appliances mr mx ms nexus switches n2k fex n3k n5k n6k n7k n9k select ldos components,0.80,SUGGEST_ONLY,CONFIDENCE_MEDIUM,False,Cisco Nexus 93108TC-EX,Cisco,nexus 93108tc-ex,0.70,NO_AI_ACTION,AGENT_VENDOR_MODEL
Cisco Nexus 93108TC-FX,cisco nexus 93108tc-fx,Cisco,nexus 93108tc-fx,UNKNOWN,https://www.cisco.com/c/en/us/products/index.html,,REJECTED:ters 4200 4300 4400 mds switches meraki appliances mr mx ms nexus switches n2k fex n3k n5k n6k n7k n9k select ldos components,0.80,SUGGEST_ONLY,CONFIDENCE_MEDIUM,False,Cisco Nexus 93108TC-FX,Cisco,nexus 93108tc-fx,0.70,NO_AI_ACTION,AGENT_VENDOR_MODEL
Cisco Nexus 93108TC-FX Switch,cisco nexus 93108tc-fx switch,Cisco,nexus 93108tc-fx,UNKNOWN,https://www.cisco.com/c/en/us/products/index.html,,REJECTED:ters 4200 4300 4400 mds switches meraki appliances mr mx ms nexus switches n2k fex n3k n5k n6k n7k n9k select ldos components,0.80,SUGGEST_ONLY,CONFIDENCE_MEDIUM,False,Cisco Nexus 93108TC-FX Switch,Cisco,nexus 93108tc-fx,0.70,NO_AI_ACTION,AGENT_VENDOR_MODEL
Cisco Nexus 93180YC-EX,cisco nexus 93180yc-ex,Cisco,nexus 93180yc-ex,UNKNOWN,https://www.cisco.com/c/en/us/products/index.html,,REJECTED:ters 4200 4300 4400 mds switches meraki appliances mr mx ms nexus switches n2k fex n3k n5k n6k n7k n9k select ldos components,0.80,SUGGEST_ONLY,CONFIDENCE_MEDIUM,False,Cisco Nexus 93180YC-EX,Cisco,nexus 93180yc-ex,0.70,NO_AI_ACTION,AGENT_VENDOR_MODEL
Cisco Nexus 93180YC-FX,cisco nexus 93180yc-fx,Cisco,nexus 93180yc-fx,UNKNOWN,https://www.cisco.com/c/en/us/products/index.html,,REJECTED:ters 4200 4300 4400 mds switches meraki appliances mr mx ms nexus switches n2k fex n3k n5k n6k n7k n9k select ldos components,0.80,SUGGEST_ONLY,CONFIDENCE_MEDIUM,False,Cisco Nexus 93180YC-FX,Cisco,nexus 93180yc-fx,0.70,NO_AI_ACTION,AGENT_VENDOR_MODEL
Cisco Nexus 93180YC-FX V06,cisco nexus 93180yc-fx v06,Cisco,nexus 93180yc-fx v06,UNKNOWN,https://www.cisco.com/c/en/us/products/index.html,,REJECTED:ters 4200 4300 4400 mds switches meraki appliances mr mx ms nexus switches n2k fex n3k n5k n6k n7k n9k select ldos components,0.80,SUGGEST_ONLY,CONFIDENCE_MEDIUM,False,Cisco Nexus 93180YC-FX V06,Cisco,nexus 93180yc-fx v06,0.70,NO_AI_ACTION,AGENT_VENDOR_MODEL
Cisco Nexus 93180YC-FX3,cisco nexus 93180yc-fx3,Cisco,nexus 93180yc-fx3,UNKNOWN,https://www.cisco.com/c/en/us/products/index.html,,REJECTED:ters 4200 4300 4400 mds switches meraki appliances mr mx ms nexus switches n2k fex n3k n5k n6k n7k n9k select ldos components,0.80,SUGGEST_ONLY,CONFIDENCE_MEDIUM,False,Cisco Nexus 93180YC-FX3,Cisco,nexus 93180yc-fx3,0.70,NO_AI_ACTION,AGENT_VENDOR_MODEL
Cisco Nexus 93240YC-FX2,cisco nexus 93240yc-fx2,Cisco,nexus 93240yc-fx2,UNKNOWN,https://www.cisco.com/c/en/us/products/index.html,,REJECTED:ters 4200 4300 4400 mds switches meraki appliances mr mx ms nexus switches n2k fex n3k n5k n6k n7k n9k select ldos components,0.80,SUGGEST_ONLY,CONFIDENCE_MEDIUM,False,Cisco Nexus 93240YC-FX2,Cisco,nexus 93240yc-fx2,0.70,NO_AI_ACTION,AGENT_VENDOR_MODEL
Cisco Nexus 9336C-FX2,cisco nexus 9336c-fx2,Cisco,nexus,9336C-FX2,https://www.cisco.com/c/en/us/products/index.html,,NOT_CHECKED,1.00,APPLY_CHANGE,CONFIDENCE_HIGH,True,nexus,Cisco,nexus,0.70,NO_AI_ACTION,AGENT_VENDOR_MODEL
Cisco Nexus 9336PQ,cisco nexus 9336pq,Cisco,nexus 9336pq,UNKNOWN,https://www.cisco.com/c/en/us/products/index.html,,REJECTED:ters 4200 4300 4400 mds switches meraki appliances mr mx ms nexus switches n2k fex n3k n5k n6k n7k n9k select ldos components,0.80,SUGGEST_ONLY,CONFIDENCE_MEDIUM,False,Cisco Nexus 9336PQ,Cisco,nexus 9336pq,0.70,NO_AI_ACTION,AGENT_VENDOR_MODEL
Cisco Nexus 9348GC-FXP,cisco nexus 9348gc-fxp,Cisco,nexus 9348gc-fxp,UNKNOWN,https://www.cisco.com/c/en/us/products/index.html,,REJECTED:ters 4200 4300 4400 mds switches meraki appliances mr mx ms nexus switches n2k fex n3k n5k n6k n7k n9k select ldos components,0.80,SUGGEST_ONLY,CONFIDENCE_MEDIUM,False,Cisco Nexus 9348GC-FXP,Cisco,nexus 9348gc-fxp,0.70,NO_AI_ACTION,AGENT_VENDOR_MODEL
Cisco Nexus 9348GC-FXP Chassis,cisco nexus 9348gc-fxp chassis,Cisco,ters 4300 4400 mds switches meraki appliances mr mx ms nexus switches n2k fex n3k n5k n6k n7k n9k select ldos components,4200,https://www.parkplacetechnologies.com/supported-products/,ters 4200 4300 4400 mds switches meraki appliances mr mx ms nexus switches n2k fex n3k n5k n6k n7k n9k select ldos components,ACCEPTED:ters 4200 4300 4400 mds switches meraki appliances mr mx ms nexus switches n2k fex n3k n5k n6k n7k n9k select ldos components,1.00,APPLY_CHANGE,CONFIDENCE_HIGH,True,ters 4300 4400 mds switches meraki appliances mr mx ms nexus switches n2k fex n3k n5k n6k n7k n9k select ldos components,Cisco,nexus 9348gc-fxp chassis,0.70,NO_AI_ACTION,AGENT_VENDOR_MODEL
Cisco Nexus 93600 CD-GX,cisco nexus 93600 cd-gx,Cisco,nexus 93600 cd-gx,UNKNOWN,https://www.cisco.com/c/en/us/products/index.html,,REJECTED:ters 4200 4300 4400 mds switches meraki appliances mr mx ms nexus switches n2k fex n3k n5k n6k n7k n9k select ldos components,0.80,SUGGEST_ONLY,CONFIDENCE_MEDIUM,False,Cisco Nexus 93600 CD-GX,Cisco,nexus 93600 cd-gx,0.70,NO_AI_ACTION,AGENT_VENDOR_MODEL
Cisco Nexus 9364C,cisco nexus 9364c,Cisco,nexus,9364C,https://www.cisco.com/c/en/us/products/index.html,,NOT_CHECKED,1.00,APPLY_CHANGE,CONFIDENCE_HIGH,True,nexus,Cisco,nexus,0.70,NO_AI_ACTION,AGENT_VENDOR_MODEL
Cisco Nexus 9372PX,cisco nexus 9372px,Cisco,nexus 9372px,UNKNOWN,https://www.cisco.com/c/en/us/products/index.html,,REJECTED:ters 4200 4300 4400 mds switches meraki appliances mr mx ms nexus switches n2k fex n3k n5k n6k n7k n9k select ldos components,0.80,SUGGEST_ONLY,CONFIDENCE_MEDIUM,False,Cisco Nexus 9372PX,Cisco,nexus 9372px,0.70,NO_AI_ACTION,AGENT_VENDOR_MODEL
Cisco Nexus 9372TX-E,cisco nexus 9372tx-e,Cisco,nexus 9372tx-e,UNKNOWN,https://www.cisco.com/c/en/us/products/index.html,,REJECTED:ters 4200 4300 4400 mds switches meraki appliances mr mx ms nexus switches n2k fex n3k n5k n6k n7k n9k select ldos components,0.80,SUGGEST_ONLY,CONFIDENCE_MEDIUM,False,Cisco Nexus 9372TX-E,Cisco,nexus 9372tx-e,0.70,NO_AI_ACTION,AGENT_VENDOR_MODEL
Cisco Nexus 9504,cisco nexus 9504,Cisco,nexus,9504,https://www.cisco.com/c/en/us/products/index.html,,NOT_CHECKED,1.00,APPLY_CHANGE,CONFIDENCE_HIGH,True,nexus,Cisco,nexus,0.70,NO_AI_ACTION,AGENT_VENDOR_MODEL
Cisco Nexus 9508,cisco nexus 9508,Cisco,nexus,9508,https://www.cisco.com/c/en/us/products/index.html,,NOT_CHECKED,1.00,APPLY_CHANGE,CONFIDENCE_HIGH,True,nexus,Cisco,nexus,0.70,NO_AI_ACTION,AGENT_VENDOR_MODEL
Cisco Nexus C93240YC-FX2,cisco nexus c93240yc-fx2,Cisco,nexus c93240yc-fx2,UNKNOWN,https://www.cisco.com/c/en/us/products/index.html,,REJECTED:ters 4200 4300 4400 mds switches meraki appliances mr mx ms nexus switches n2k fex n3k n5k n6k n7k n9k select ldos components,0.80,SUGGEST_ONLY,CONFIDENCE_MEDIUM,False,Cisco Nexus C93240YC-FX2,Cisco,nexus c93240yc-fx2,0.70,NO_AI_ACTION,AGENT_VENDOR_MODEL
Cisco Nexus C9336C-FX2,cisco nexus c9336c-fx2,Cisco,nexus c9336c-fx2,UNKNOWN,https://www.cisco.com/c/en/us/products/index.html,,REJECTED:ters 4200 4300 4400 mds switches meraki appliances mr mx ms nexus switches n2k fex n3k n5k n6k n7k n9k select ldos components,0.80,SUGGEST_ONLY,CONFIDENCE_MEDIUM,False,Cisco Nexus C9336C-FX2,Cisco,nexus c9336c-fx2,0.70,NO_AI_ACTION,AGENT_VENDOR_MODEL
Cisco Nexus9000 C9336C-FX2,cisco nexus9000 c9336c-fx2,Cisco,nexus9000 c9336c-fx2,UNKNOWN,https://www.cisco.com/c/en/us/products/index.html,,REJECTED:NO_EVIDENCE,0.80,SUGGEST_ONLY,CONFIDENCE_MEDIUM,False,Cisco Nexus9000 C9336C-FX2,Cisco,nexus9000 c9336c-fx2,0.70,NO_AI_ACTION,AGENT_VENDOR_MODEL
Cisco Secure Acs 1113-k9,cisco secure acs 1113-k9,Cisco,secure acs,1113-K9,https://www.cisco.com/c/en/us/products/index.html,,NOT_CHECKED,1.00,APPLY_CHANGE,CONFIDENCE_HIGH,True,secure acs,Cisco,secure acs,0.70,NO_AI_ACTION,AGENT_VENDOR_MODEL
Cisco SNS-3615-K9,cisco sns-3615-k9,Cisco,sns-,3615-K9,https://www.cisco.com/c/en/us/products/index.html,,NOT_CHECKED,1.00,APPLY_CHANGE,CONFIDENCE_HIGH,True,sns-,Cisco,sns-,0.70,NO_AI_ACTION,AGENT_VENDOR_MODEL
Cisco SNS-3655-K9,cisco sns-3655-k9,Cisco,sns-,3655-K9,https://www.cisco.com/c/en/us/products/index.html,,NOT_CHECKED,1.00,APPLY_CHANGE,CONFIDENCE_HIGH,True,sns-,Cisco,sns-,0.70,NO_AI_ACTION,AGENT_VENDOR_MODEL
Cisco SNS-3695-K9,cisco sns-3695-k9,Cisco,sns-,3695-K9,https://www.cisco.com/c/en/us/products/index.html,,NOT_CHECKED,1.00,APPLY_CHANGE,CONFIDENCE_HIGH,True,sns-,Cisco,sns-,0.70,NO_AI_ACTION,AGENT_VENDOR_MODEL
Cisco UCS C220 M3 High-Density Rack Server Large Form Factor,cisco ucs c220 m3 high-density rack server large form factor,Cisco,ucs c220 m3 - large form factor,UNKNOWN,https://www.cisco.com/c/en/us/products/index.html,,REJECTED:by opening our platform list below server cisco mcs servers ucs servers up to m7 dell emc poweredge up to 17th gen poweredg,0.80,SUGGEST_ONLY,CONFIDENCE_MEDIUM,False,Cisco UCS C220 M3 High-Density Rack Server Large Form Factor,Cisco,ucs c220 m3 - large form factor,0.70,NO_AI_ACTION,AGENT_VENDOR_MODEL
Cisco UCS C220 M4,cisco ucs c220 m4,Cisco,ucs c220 m4,UNKNOWN,https://www.cisco.com/c/en/us/products/index.html,,REJECTED:by opening our platform list below server cisco mcs servers ucs servers up to m7 dell emc poweredge up to 17th gen poweredg,0.80,SUGGEST_ONLY,CONFIDENCE_MEDIUM,False,Cisco UCS C220 M4,Cisco,ucs c220 m4,0.70,NO_AI_ACTION,AGENT_VENDOR_MODEL
Cisco UCS C220 M5,cisco ucs c220 m5,Cisco,ol of your apps and infrastructure explore intersight ucs x- run any application on a flexible scalable modular,UNKNOWN,https://www.cisco.com/c/en/us/products/index.html,ol of your apps and infrastructure explore cisco intersight ucs x-series run any application on a flexible scalable modular,NOT_CHECKED,0.86,APPLY_CHANGE,CONFIDENCE_HIGH,True,ol of your apps and infrastructure explore intersight ucs x- run any application on a flexible scalable modular,Cisco,ucs c220 m5,0.70,NO_AI_ACTION,AGENT_VENDOR_MODEL
Cisco UCS C220 M7,cisco ucs c220 m7,Cisco,ol of your apps and infrastructure explore intersight ucs x- run any application on a flexible scalable modular,UNKNOWN,https://www.cisco.com/c/en/us/products/index.html,ol of your apps and infrastructure explore cisco intersight ucs x-series run any application on a flexible scalable modular,NOT_CHECKED,0.86,APPLY_CHANGE,CONFIDENCE_HIGH,True,ol of your apps and infrastructure explore intersight ucs x- run any application on a flexible scalable modular,Cisco,ucs c220 m7,0.70,NO_AI_ACTION,AGENT_VENDOR_MODEL
Cisco UCS C225 M6,cisco ucs c225 m6,Cisco,ucs c225 m6,UNKNOWN,https://www.cisco.com/c/en/us/products/index.html,,REJECTED:by opening our platform list below server cisco mcs servers ucs servers up to m7 dell emc poweredge up to 17th gen poweredg,0.80,SUGGEST_ONLY,CONFIDENCE_MEDIUM,False,Cisco UCS C225 M6,Cisco,ucs c225 m6,0.70,NO_AI_ACTION,AGENT_VENDOR_MODEL
Cisco UCS S3260,cisco ucs s3260,Cisco,ol of your apps and infrastructure explore intersight ucs x- run any application on a flexible scalable modular,UNKNOWN,https://www.cisco.com/c/en/us/products/index.html,ol of your apps and infrastructure explore cisco intersight ucs x-series run any application on a flexible scalable modular,NOT_CHECKED,0.86,APPLY_CHANGE,CONFIDENCE_HIGH,True,ol of your apps and infrastructure explore intersight ucs x- run any application on a flexible scalable modular,Cisco,ucs s3260,0.70,NO_AI_ACTION,AGENT_VENDOR_MODEL
Cisco UCS-FI-6454,cisco ucs-fi-6454,Cisco,ucs-fi-,6454,https://www.cisco.com/c/en/us/products/index.html,,NOT_CHECKED,1.00,APPLY_CHANGE,CONFIDENCE_HIGH,True,ucs-fi-,Cisco,ucs-fi-,0.70,NO_AI_ACTION,AGENT_VENDOR_MODEL
Cisco WLC 3504,cisco wlc 3504,Cisco,wlc,3504,https://www.cisco.com/c/en/us/products/index.html,,NOT_CHECKED,1.00,APPLY_CHANGE,CONFIDENCE_HIGH,True,wlc,Cisco,wlc,0.70,NO_AI_ACTION,AGENT_VENDOR_MODEL
Cisco WS-C3650-24PD,cisco ws-c3650-24pd,Cisco,ws-c3650-24pd,UNKNOWN,https://www.cisco.com/c/en/us/products/index.html,,REJECTED:NO_EVIDENCE,0.80,SUGGEST_ONLY,CONFIDENCE_MEDIUM,False,Cisco WS-C3650-24PD,Cisco,ws-c3650-24pd,0.70,NO_AI_ACTION,AGENT_VENDOR_MODEL
Cisco WS-C3650-48P,cisco ws-c3650-48p,Cisco,ws-c3650-48p,UNKNOWN,https://www.cisco.com/c/en/us/products/index.html,,REJECTED:NO_EVIDENCE,0.80,SUGGEST_ONLY,CONFIDENCE_MEDIUM,False,Cisco WS-C3650-48P,Cisco,ws-c3650-48p,0.70,NO_AI_ACTION,AGENT_VENDOR_MODEL
Cisco WS-C3750-48T-L,cisco ws-c3750-48t-l,Cisco,ws-c3750-48t-l,UNKNOWN,https://www.cisco.com/c/en/us/products/index.html,,REJECTED:NO_EVIDENCE,0.80,SUGGEST_ONLY,CONFIDENCE_MEDIUM,False,Cisco WS-C3750-48T-L,Cisco,ws-c3750-48t-l,0.70,NO_AI_ACTION,AGENT_VENDOR_MODEL
Cisco WS-C3750X-48T-L,cisco ws-c3750x-48t-l,Cisco,ws-c3750x-48t-l,UNKNOWN,https://www.cisco.com/c/en/us/products/index.html,,REJECTED:NO_EVIDENCE,0.80,SUGGEST_ONLY,CONFIDENCE_MEDIUM,False,Cisco WS-C3750X-48T-L,Cisco,ws-c3750x-48t-l,0.70,NO_AI_ACTION,AGENT_VENDOR_MODEL
Citrix NetScaler MPX 9100,citrix netscaler mpx 9100,UNKNOWN,citrix netscaler mpx,9100,LOCAL_RULESET,citrix netscaler mpx,NOT_CHECKED,0.55,SUGGEST_ONLY,CONFIDENCE_MEDIUM,False,Citrix NetScaler MPX 9100,Citrix,citrix netscaler mpx,0.70,REFERENCE_MANUFACTURER_MATCH,https://www.citrix.com/products/
Citrix NetScaler SDX 15000,citrix netscaler sdx 15000,UNKNOWN,citrix netscaler sdx 15000,UNKNOWN,LOCAL_RULESET,citrix netscaler sdx 15000,NOT_CHECKED,0.35,NO_CHANGE,CONFIDENCE_LOW,False,Citrix NetScaler SDX 15000,Citrix,citrix netscaler sdx 15000,0.70,REFERENCE_MANUFACTURER_MATCH,https://www.citrix.com/products/
CLEVERSAFE MANAGER 2100,cleversafe manager 2100,UNKNOWN,cleversafe manager,2100,LOCAL_RULESET,cleversafe manager,NOT_CHECKED,0.55,SUGGEST_ONLY,CONFIDENCE_MEDIUM,False,CLEVERSAFE MANAGER 2100,UNKNOWN,cleversafe manager,0.00,NO_AI_ACTION,AGENT_VENDOR_MODEL
Comtrol Devicemaster Pro 8-Port,comtrol devicemaster pro 8-port,UNKNOWN,comtrol devicemaster pro 8-port,UNKNOWN,LOCAL_RULESET,comtrol devicemaster pro 8-port,NOT_CHECKED,0.35,NO_CHANGE,CONFIDENCE_LOW,False,Comtrol Devicemaster Pro 8-Port,UNKNOWN,comtrol devicemaster pro 8-port,0.00,NO_AI_ACTION,AGENT_VENDOR_MODEL
Comtrol Rocketport USB Serial Hub III 8-Port,comtrol rocketport usb serial hub iii 8-port,UNKNOWN,comtrol rocketport usb serial hub iii 8-port,UNKNOWN,LOCAL_RULESET,comtrol rocketport usb serial hub iii 8-port,NOT_CHECKED,0.35,NO_CHANGE,CONFIDENCE_LOW,False,Comtrol Rocketport USB Serial Hub III 8-Port,UNKNOWN,comtrol rocketport usb serial hub iii 8-port,0.00,NO_AI_ACTION,AGENT_VENDOR_MODEL
D LINK DES-1008D,d link des-1008d,UNKNOWN,d link des-,1008D,LOCAL_RULESET,d link des-,NOT_CHECKED,0.55,SUGGEST_ONLY,CONFIDENCE_MEDIUM,False,D LINK DES-1008D,UNKNOWN,d link des-,0.00,NO_AI_ACTION,AGENT_VENDOR_MODEL
DALLMEIER M-DMS4,dallmeier m-dms4,UNKNOWN,dallmeier m-dms4,UNKNOWN,LOCAL_RULESET,dallmeier m-dms4,NOT_CHECKED,0.35,NO_CHANGE,CONFIDENCE_LOW,False,DALLMEIER M-DMS4,Dallmeier,dallmeier m-dms4,0.70,REFERENCE_MANUFACTURER_MATCH,https://www.dallmeier.com/en/products
Dallmeier S Matrix,dallmeier s matrix,UNKNOWN,dallmeier s matrix,UNKNOWN,LOCAL_RULESET,dallmeier s matrix,NOT_CHECKED,0.35,NO_CHANGE,CONFIDENCE_LOW,False,Dallmeier S Matrix,Dallmeier,dallmeier s matrix,0.70,REFERENCE_MANUFACTURER_MATCH,https://www.dallmeier.com/en/products
DANTECH DA441/8,dantech da441 8,UNKNOWN,dantech da441 8,UNKNOWN,LOCAL_RULESET,dantech da441 8,NOT_CHECKED,0.35,NO_CHANGE,CONFIDENCE_LOW,False,DANTECH DA441/8,UNKNOWN,dantech da441 8,0.00,NO_AI_ACTION,AGENT_VENDOR_MODEL
Dark Trace DCIP-M,dark trace dcip-m,UNKNOWN,dark trace dcip-m,UNKNOWN,LOCAL_RULESET,dark trace dcip-m,NOT_CHECKED,0.35,NO_CHANGE,CONFIDENCE_LOW,False,Dark Trace DCIP-M,UNKNOWN,dark trace dcip-m,0.00,NO_AI_ACTION,AGENT_VENDOR_MODEL
Dark Trace DCIP-X2,dark trace dcip-x2,UNKNOWN,dark trace dcip-x2,UNKNOWN,LOCAL_RULESET,dark trace dcip-x2,NOT_CHECKED,0.35,NO_CHANGE,CONFIDENCE_LOW,False,Dark Trace DCIP-X2,UNKNOWN,dark trace dcip-x2,0.00,NO_AI_ACTION,AGENT_VENDOR_MODEL
Dark Trace DCIP-XA,dark trace dcip-xa,UNKNOWN,dark trace dcip-xa,UNKNOWN,LOCAL_RULESET,dark trace dcip-xa,NOT_CHECKED,0.35,NO_CHANGE,CONFIDENCE_LOW,False,Dark Trace DCIP-XA,UNKNOWN,dark trace dcip-xa,0.00,NO_AI_ACTION,AGENT_VENDOR_MODEL
Dark Trace DCIP-Z,dark trace dcip-z,UNKNOWN,dark trace dcip-z,UNKNOWN,LOCAL_RULESET,dark trace dcip-z,NOT_CHECKED,0.35,NO_CHANGE,CONFIDENCE_LOW,False,Dark Trace DCIP-Z,UNKNOWN,dark trace dcip-z,0.00,NO_AI_ACTION,AGENT_VENDOR_MODEL
Dell EMC DD9800,dell emc dd9800,Dell EMC,dd9800,UNKNOWN,https://www.dell.com/support/home/en-us,,NOT_CHECKED,0.80,SUGGEST_ONLY,CONFIDENCE_MEDIUM,False,Dell EMC DD9800,Dell EMC,dd9800,0.70,NO_AI_ACTION,AGENT_VENDOR_MODEL
Dell EMC Isilon H400,dell emc isilon h400,Dell EMC,isilon h400,UNKNOWN,https://www.dell.com/support/home/en-us,,NOT_CHECKED,0.80,SUGGEST_ONLY,CONFIDENCE_MEDIUM,False,Dell EMC Isilon H400,Dell EMC,isilon h400,0.70,NO_AI_ACTION,AGENT_VENDOR_MODEL
Dell EMC Isilon H500,dell emc isilon h500,Dell EMC,isilon h500,UNKNOWN,https://www.dell.com/support/home/en-us,,NOT_CHECKED,0.80,SUGGEST_ONLY,CONFIDENCE_MEDIUM,False,Dell EMC Isilon H500,Dell EMC,isilon h500,0.70,NO_AI_ACTION,AGENT_VENDOR_MODEL
Dell EMC ME4084 Storage Array,dell emc me4084 storage array,Dell EMC,me4084 array,UNKNOWN,https://www.dell.com/support/home/en-us,,NOT_CHECKED,0.80,SUGGEST_ONLY,CONFIDENCE_MEDIUM,False,Dell EMC ME4084 Storage Array,Dell EMC,me4084 array,0.70,NO_AI_ACTION,AGENT_VENDOR_MODEL
Dell EMC ME484 Expansion Enclosure,dell emc me484 expansion enclosure,Dell EMC,me484 expansion,UNKNOWN,https://www.dell.com/support/home/en-us,,NOT_CHECKED,0.80,SUGGEST_ONLY,CONFIDENCE_MEDIUM,False,Dell EMC ME484 Expansion Enclosure,Dell EMC,me484 expansion,0.70,NO_AI_ACTION,AGENT_VENDOR_MODEL
Dell EMC Unity 300,dell emc unity 300,Dell,ts service requests dispatch status order support contact technical support community contact us uk en back welcome to support sign in to business suppor,300,https://www.dell.com/support/home/en-us,ts service requests dispatch status order support contact technical support community contact us uk en back welcome to dell support sign in switch to business suppor,NOT_CHECKED,1.00,APPLY_CHANGE,CONFIDENCE_HIGH,True,ts service requests dispatch status order support contact technical support community contact us uk en back welcome to support sign in to business suppor,Dell EMC,unity,0.70,NO_AI_ACTION,AGENT_VENDOR_MODEL
Dell EMC Unity Array XT 380F,dell emc unity array xt 380f,Dell,dispatch status order support contact technical support community contact us uk en back welcome to support sign in switc,380F,https://www.dell.com/support/home/en-us,dispatch status order support contact technical support community contact us uk en back welcome to dell support sign in switc,NOT_CHECKED,1.00,APPLY_CHANGE,CONFIDENCE_HIGH,True,dispatch status order support contact technical support community contact us uk en back welcome to support sign in switc,Dell EMC,unity array xt,0.70,NO_AI_ACTION,AGENT_VENDOR_MODEL
Dell EMC Unity Array XT 480F,dell emc unity array xt 480f,Dell,dispatch status order support contact technical support community contact us uk en back welcome to support sign in switc,480F,https://www.dell.com/support/home/en-us,dispatch status order support contact technical support community contact us uk en back welcome to dell support sign in switc,NOT_CHECKED,1.00,APPLY_CHANGE,CONFIDENCE_HIGH,True,dispatch status order support contact technical support community contact us uk en back welcome to support sign in switc,Dell EMC,unity array xt,0.70,NO_AI_ACTION,AGENT_VENDOR_MODEL
Dell EMC Unity XT 680F DPE,dell emc unity xt 680f dpe,Dell,dispatch status order support contact technical support community contact us uk en back welcome to support sign in switc,680F,https://www.dell.com/support/home/en-us,dispatch status order support contact technical support community contact us uk en back welcome to dell support sign in switc,NOT_CHECKED,1.00,APPLY_CHANGE,CONFIDENCE_HIGH,True,dispatch status order support contact technical support community contact us uk en back welcome to support sign in switc,Dell EMC,unity xt dpe,0.70,NO_AI_ACTION,AGENT_VENDOR_MODEL
Dell EMC Unity XT DAE,dell emc unity xt dae,Dell,dispatch status order support contact technical support community contact us uk en back welcome to support sign in switc,UNKNOWN,https://www.dell.com/support/home/en-us,dispatch status order support contact technical support community contact us uk en back welcome to dell support sign in switc,NOT_CHECKED,0.86,APPLY_CHANGE,CONFIDENCE_HIGH,True,dispatch status order support contact technical support community contact us uk en back welcome to support sign in switc,Dell EMC,unity xt dae,0.70,NO_AI_ACTION,AGENT_VENDOR_MODEL
Dell (for Supermicro) 600GB SAS 12Gb -10Krpm h-swap -2.5SAS 12Gbs,dell for supermicro 600gb sas 12gb -10krpm h-swap -2 5sas 12gbs,Dell,tre trial software downloads technologies premier for business copyright inc terms conditions privacy s,2026,https://www.dell.com/support/home/en-us,tre trial software downloads dell technologies dell premier for business copyright 2026 dell inc terms conditions privacy s,NOT_CHECKED,1.00,APPLY_CHANGE,CONFIDENCE_HIGH,True,tre trial software downloads technologies premier for business copyright inc terms conditions privacy s,Dell,for supermicro 600gb sas 12gb -10krpm h-swap -2 5sas 12gbs,0.70,NO_AI_ACTION,AGENT_VENDOR_MODEL
Dell Networking Z9100-ON Multi-rate Fabric Switch,dell networking z9100-on multi-rate fabric switch,Dell,networking z9100-on multi-rate,UNKNOWN,https://www.dell.com/support/home/en-us,,REJECTED:nager nutanix unified storage vxrail manager vxrail virtual networking vxrail virtual distributed switch vxrail vmware full stack ,0.80,SUGGEST_ONLY,CONFIDENCE_MEDIUM,False,Dell Networking Z9100-ON Multi-rate Fabric Switch,Dell,networking z9100-on multi-rate,0.70,NO_AI_ACTION,AGENT_VENDOR_MODEL
Dell PowerEdge R640,dell poweredge r640,Dell,poweredge r640,UNKNOWN,https://www.dell.com/support/home/en-us,,REJECTED:elow server cisco mcs servers ucs servers up to m7 dell emc poweredge up to 17th gen poweredge mx poweredge vrtx poweredge xc up ,0.80,SUGGEST_ONLY,CONFIDENCE_MEDIUM,False,Dell PowerEdge R640,Dell,poweredge r640,0.70,NO_AI_ACTION,AGENT_VENDOR_MODEL
Dell PowerEdge R650,dell poweredge r650,Dell,poweredge r650,UNKNOWN,https://www.dell.com/support/home/en-us,,REJECTED:elow server cisco mcs servers ucs servers up to m7 dell emc poweredge up to 17th gen poweredge mx poweredge vrtx poweredge xc up ,0.80,SUGGEST_ONLY,CONFIDENCE_MEDIUM,False,Dell PowerEdge R650,Dell,poweredge r650,0.70,NO_AI_ACTION,AGENT_VENDOR_MODEL
Dell PowerEdge R650xs,dell poweredge r650xs,Dell,poweredge r650xs,UNKNOWN,https://www.dell.com/support/home/en-us,,REJECTED:elow server cisco mcs servers ucs servers up to m7 dell emc poweredge up to 17th gen poweredge mx poweredge vrtx poweredge xc up ,0.80,SUGGEST_ONLY,CONFIDENCE_MEDIUM,False,Dell PowerEdge R650xs,Dell,poweredge r650xs,0.70,NO_AI_ACTION,AGENT_VENDOR_MODEL
Dell PowerEdge R6515,dell poweredge r6515,Dell,poweredge r6515,UNKNOWN,https://www.dell.com/support/home/en-us,,REJECTED:elow server cisco mcs servers ucs servers up to m7 dell emc poweredge up to 17th gen poweredge mx poweredge vrtx poweredge xc up ,0.80,SUGGEST_ONLY,CONFIDENCE_MEDIUM,False,Dell PowerEdge R6515,Dell,poweredge r6515,0.70,NO_AI_ACTION,AGENT_VENDOR_MODEL
Dell PowerEdge R660,dell poweredge r660,Dell,poweredge r660,UNKNOWN,https://www.dell.com/support/home/en-us,,REJECTED:elow server cisco mcs servers ucs servers up to m7 dell emc poweredge up to 17th gen poweredge mx poweredge vrtx poweredge xc up ,0.80,SUGGEST_ONLY,CONFIDENCE_MEDIUM,False,Dell PowerEdge R660,Dell,poweredge r660,0.70,NO_AI_ACTION,AGENT_VENDOR_MODEL
Dell PowerEdge R6715,dell poweredge r6715,Dell,poweredge r6715,UNKNOWN,https://www.dell.com/support/home/en-us,,REJECTED:elow server cisco mcs servers ucs servers up to m7 dell emc poweredge up to 17th gen poweredge mx poweredge vrtx poweredge xc up ,0.80,SUGGEST_ONLY,CONFIDENCE_MEDIUM,False,Dell PowerEdge R6715,Dell,poweredge r6715,0.70,NO_AI_ACTION,AGENT_VENDOR_MODEL
Dell PowerEdge R730xd,dell poweredge r730xd,Dell,poweredge r730xd,UNKNOWN,https://www.dell.com/support/home/en-us,,REJECTED:elow server cisco mcs servers ucs servers up to m7 dell emc poweredge up to 17th gen poweredge mx poweredge vrtx poweredge xc up ,0.80,SUGGEST_ONLY,CONFIDENCE_MEDIUM,False,Dell PowerEdge R730xd,Dell,poweredge r730xd,0.70,NO_AI_ACTION,AGENT_VENDOR_MODEL
Dell PowerEdge R740xd,dell poweredge r740xd,Dell,poweredge r740xd,UNKNOWN,https://www.dell.com/support/home/en-us,,REJECTED:elow server cisco mcs servers ucs servers up to m7 dell emc poweredge up to 17th gen poweredge mx poweredge vrtx poweredge xc up ,0.80,SUGGEST_ONLY,CONFIDENCE_MEDIUM,False,Dell PowerEdge R740xd,Dell,poweredge r740xd,0.70,NO_AI_ACTION,AGENT_VENDOR_MODEL
Dell PowerEdge R750,dell poweredge r750,Dell,poweredge r750,UNKNOWN,https://www.dell.com/support/home/en-us,,REJECTED:elow server cisco mcs servers ucs servers up to m7 dell emc poweredge up to 17th gen poweredge mx poweredge vrtx poweredge xc up ,0.80,SUGGEST_ONLY,CONFIDENCE_MEDIUM,False,Dell PowerEdge R750,Dell,poweredge r750,0.70,NO_AI_ACTION,AGENT_VENDOR_MODEL
Dell RSA SecurID Appliance 350,dell rsa securid appliance 350,Dell,rsa securid,350,https://www.dell.com/support/home/en-us,,NOT_CHECKED,1.00,APPLY_CHANGE,CONFIDENCE_HIGH,True,rsa securid,Dell,rsa securid,0.70,NO_AI_ACTION,AGENT_VENDOR_MODEL
Dell SonicWALL SuperMassive 9400,dell sonicwall supermassive 9400,Dell,sonicwall supermassive,9400,https://www.dell.com/support/home/en-us,,NOT_CHECKED,1.00,APPLY_CHANGE,CONFIDENCE_HIGH,True,sonicwall supermassive,Dell,sonicwall supermassive,0.70,NO_AI_ACTION,AGENT_VENDOR_MODEL
Dell Storage NX3240,dell storage nx3240,Dell,nx3240,UNKNOWN,https://www.dell.com/support/home/en-us,,REJECTED:NO_EVIDENCE,0.80,SUGGEST_ONLY,CONFIDENCE_MEDIUM,False,Dell Storage NX3240,Dell,nx3240,0.70,NO_AI_ACTION,AGENT_VENDOR_MODEL
Delta Networks AK7448,delta networks ak7448,UNKNOWN,delta networks ak7448,UNKNOWN,LOCAL_RULESET,delta networks ak7448,NOT_CHECKED,0.35,NO_CHANGE,CONFIDENCE_LOW,False,Delta Networks AK7448,UNKNOWN,delta networks ak7448,0.00,NO_AI_ACTION,AGENT_VENDOR_MODEL
EATON APS6-300,eaton aps6-300,UNKNOWN,eaton aps6-,300,LOCAL_RULESET,eaton aps6-,NOT_CHECKED,0.55,SUGGEST_ONLY,CONFIDENCE_MEDIUM,False,EATON APS6-300,EATON,eaton aps6-,0.70,REFERENCE_MANUFACTURER_MATCH,https://www.eaton.com/us/en-us.html
Elemental Technologies Stream 200 Series,elemental technologies stream 200 series,UNKNOWN,elemental technologies stream,200,LOCAL_RULESET,elemental technologies stream,NOT_CHECKED,0.55,SUGGEST_ONLY,CONFIDENCE_MEDIUM,False,Elemental Technologies Stream 200 Series,UNKNOWN,elemental technologies stream,0.00,NO_AI_ACTION,AGENT_VENDOR_MODEL
EMC DD9400,emc dd9400,UNKNOWN,emc dd9400,UNKNOWN,LOCAL_RULESET,emc dd9400,NOT_CHECKED,0.35,NO_CHANGE,CONFIDENCE_LOW,False,EMC DD9400,UNKNOWN,emc dd9400,0.00,NO_AI_ACTION,AGENT_VENDOR_MODEL
EMC DD9900,emc dd9900,UNKNOWN,emc dd9900,UNKNOWN,LOCAL_RULESET,emc dd9900,NOT_CHECKED,0.35,NO_CHANGE,CONFIDENCE_LOW,False,EMC DD9900,UNKNOWN,emc dd9900,0.00,NO_AI_ACTION,AGENT_VENDOR_MODEL
EMC DS-6505B,emc ds-6505b,UNKNOWN,emc ds-,6505B,LOCAL_RULESET,emc ds-,NOT_CHECKED,0.55,SUGGEST_ONLY,CONFIDENCE_MEDIUM,False,EMC DS-6505B,UNKNOWN,emc ds-,0.00,NO_AI_ACTION,AGENT_VENDOR_MODEL
EMC DS60,emc ds60,UNKNOWN,emc ds60,UNKNOWN,LOCAL_RULESET,emc ds60,NOT_CHECKED,0.35,NO_CHANGE,CONFIDENCE_LOW,False,EMC DS60,UNKNOWN,emc ds60,0.00,NO_AI_ACTION,AGENT_VENDOR_MODEL
EMC DS6520-B,emc ds6520-b,UNKNOWN,emc ds6520-b,UNKNOWN,LOCAL_RULESET,emc ds6520-b,NOT_CHECKED,0.35,NO_CHANGE,CONFIDENCE_LOW,False,EMC DS6520-B,UNKNOWN,emc ds6520-b,0.00,NO_AI_ACTION,AGENT_VENDOR_MODEL
EMC FS25,emc fs25,UNKNOWN,emc fs25,UNKNOWN,LOCAL_RULESET,emc fs25,NOT_CHECKED,0.35,NO_CHANGE,CONFIDENCE_LOW,False,EMC FS25,UNKNOWN,emc fs25,0.00,NO_AI_ACTION,AGENT_VENDOR_MODEL
EMC Isilon X200,emc isilon x200,UNKNOWN,emc isilon x200,UNKNOWN,LOCAL_RULESET,emc isilon x200,NOT_CHECKED,0.35,NO_CHANGE,CONFIDENCE_LOW,False,EMC Isilon X200,UNKNOWN,emc isilon x200,0.00,NO_AI_ACTION,AGENT_VENDOR_MODEL
EMC Isilon X410,emc isilon x410,UNKNOWN,emc isilon x410,UNKNOWN,LOCAL_RULESET,emc isilon x410,NOT_CHECKED,0.35,NO_CHANGE,CONFIDENCE_LOW,False,EMC Isilon X410,UNKNOWN,emc isilon x410,0.00,NO_AI_ACTION,AGENT_VENDOR_MODEL
EVS XTAccess XTA1-4301D,evs xtaccess xta1-4301d,UNKNOWN,evs xtaccess xta1-,4301D,LOCAL_RULESET,evs xtaccess xta1-,NOT_CHECKED,0.55,SUGGEST_ONLY,CONFIDENCE_MEDIUM,False,EVS XTAccess XTA1-4301D,UNKNOWN,evs xtaccess xta1-,0.00,NO_AI_ACTION,AGENT_VENDOR_MODEL
F5 BIG-IP 4000 Series,f5 big-ip 4000 series,F5,uardrails red teaming cloud-native dpu hardware saas software view all products big-ip upgrade customer case studies digital sovereignty managed product demo,4000,https://www.f5.com/products,uardrails red teaming cloud-native dpu hardware saas software view all products big-ip upgrade customer case studies digital sovereignty managed services product demo,NOT_CHECKED,1.00,APPLY_CHANGE,CONFIDENCE_HIGH,True,uardrails red teaming cloud-native dpu hardware saas software view all products big-ip upgrade customer case studies digital sovereignty managed product demo,F5,big-ip,0.70,NO_AI_ACTION,AGENT_VENDOR_MODEL
F5 Big-IP 4200v,f5 big-ip 4200v,F5,uardrails red teaming cloud-native dpu hardware saas software view all products big-ip upgrade customer case studies digital sovereignty managed product demo,4200V,https://www.f5.com/products,uardrails red teaming cloud-native dpu hardware saas software view all products big-ip upgrade customer case studies digital sovereignty managed services product demo,NOT_CHECKED,1.00,APPLY_CHANGE,CONFIDENCE_HIGH,True,uardrails red teaming cloud-native dpu hardware saas software view all products big-ip upgrade customer case studies digital sovereignty managed product demo,F5,big-ip,0.70,NO_AI_ACTION,AGENT_VENDOR_MODEL
F5 Big-ip 5000 Switch,f5 big-ip 5000 switch,F5,uardrails red teaming cloud-native dpu hardware saas software view all products big-ip upgrade customer case studies digital sovereignty managed product demo,5000,https://www.f5.com/products,uardrails red teaming cloud-native dpu hardware saas software view all products big-ip upgrade customer case studies digital sovereignty managed services product demo,NOT_CHECKED,1.00,APPLY_CHANGE,CONFIDENCE_HIGH,True,uardrails red teaming cloud-native dpu hardware saas software view all products big-ip upgrade customer case studies digital sovereignty managed product demo,F5,big-ip,0.70,NO_AI_ACTION,AGENT_VENDOR_MODEL
F5 Big-ip 5050 Switch,f5 big-ip 5050 switch,F5,uardrails red teaming cloud-native dpu hardware saas software view all products big-ip upgrade customer case studies digital sovereignty managed product demo,5050,https://www.f5.com/products,uardrails red teaming cloud-native dpu hardware saas software view all products big-ip upgrade customer case studies digital sovereignty managed services product demo,NOT_CHECKED,1.00,APPLY_CHANGE,CONFIDENCE_HIGH,True,uardrails red teaming cloud-native dpu hardware saas software view all products big-ip upgrade customer case studies digital sovereignty managed product demo,F5,big-ip,0.70,NO_AI_ACTION,AGENT_VENDOR_MODEL
F5 Big-IP 5250v Switch,f5 big-ip 5250v switch,F5,uardrails red teaming cloud-native dpu hardware saas software view all products big-ip upgrade customer case studies digital sovereignty managed product demo,5250V,https://www.f5.com/products,uardrails red teaming cloud-native dpu hardware saas software view all products big-ip upgrade customer case studies digital sovereignty managed services product demo,NOT_CHECKED,1.00,APPLY_CHANGE,CONFIDENCE_HIGH,True,uardrails red teaming cloud-native dpu hardware saas software view all products big-ip upgrade customer case studies digital sovereignty managed product demo,F5,big-ip,0.70,NO_AI_ACTION,AGENT_VENDOR_MODEL
F5 BIG-IP 6900,f5 big-ip 6900,F5,uardrails red teaming cloud-native dpu hardware saas software view all products big-ip upgrade customer case studies digital sovereignty managed product demo,6900,https://www.f5.com/products,uardrails red teaming cloud-native dpu hardware saas software view all products big-ip upgrade customer case studies digital sovereignty managed services product demo,NOT_CHECKED,1.00,APPLY_CHANGE,CONFIDENCE_HIGH,True,uardrails red teaming cloud-native dpu hardware saas software view all products big-ip upgrade customer case studies digital sovereignty managed product demo,F5,big-ip,0.70,NO_AI_ACTION,AGENT_VENDOR_MODEL
F5 BIG-IP LTM 3600,f5 big-ip ltm 3600,F5,g cloud-native dpu hardware saas software view all products big-ip upgrade customer case studies digital sovereignty managed s,3600,https://www.f5.com/products,g cloud-native dpu hardware saas software view all products big-ip upgrade customer case studies digital sovereignty managed s,NOT_CHECKED,1.00,APPLY_CHANGE,CONFIDENCE_HIGH,True,g cloud-native dpu hardware saas software view all products big-ip upgrade customer case studies digital sovereignty managed s,F5,big-ip ltm,0.70,NO_AI_ACTION,AGENT_VENDOR_MODEL
F5 BIG-IP r10900 Series,f5 big-ip r10900 series,F5,g cloud-native dpu hardware saas software view all products big-ip upgrade customer case studies digital sovereignty managed s,UNKNOWN,https://www.f5.com/products,g cloud-native dpu hardware saas software view all products big-ip upgrade customer case studies digital sovereignty managed s,NOT_CHECKED,0.86,APPLY_CHANGE,CONFIDENCE_HIGH,True,g cloud-native dpu hardware saas software view all products big-ip upgrade customer case studies digital sovereignty managed s,F5,big-ip r10900,0.70,NO_AI_ACTION,AGENT_VENDOR_MODEL
F5 BIGIP 2800,f5 bigip 2800,F5,bigip,2800,https://www.f5.com/products,,NOT_CHECKED,1.00,APPLY_CHANGE,CONFIDENCE_HIGH,True,bigip,F5,bigip,0.70,NO_AI_ACTION,AGENT_VENDOR_MODEL
F5 BIGIP I 4800,f5 bigip i 4800,F5,bigip i,4800,https://www.f5.com/products,,NOT_CHECKED,1.00,APPLY_CHANGE,CONFIDENCE_HIGH,True,bigip i,F5,bigip i,0.70,NO_AI_ACTION,AGENT_VENDOR_MODEL
F5 BIGIP I 5600,f5 bigip i 5600,F5,bigip i,5600,https://www.f5.com/products,,NOT_CHECKED,1.00,APPLY_CHANGE,CONFIDENCE_HIGH,True,bigip i,F5,bigip i,0.70,NO_AI_ACTION,AGENT_VENDOR_MODEL
F5 BIGIP I 5800,f5 bigip i 5800,F5,bigip i,5800,https://www.f5.com/products,,NOT_CHECKED,1.00,APPLY_CHANGE,CONFIDENCE_HIGH,True,bigip i,F5,bigip i,0.70,NO_AI_ACTION,AGENT_VENDOR_MODEL
F5 VELOS CX410,f5 velos cx410,F5,velos cx410,UNKNOWN,https://www.f5.com/products,,REJECTED:NO_EVIDENCE,0.80,SUGGEST_ONLY,CONFIDENCE_MEDIUM,False,F5 VELOS CX410,F5,velos cx410,0.70,NO_AI_ACTION,AGENT_VENDOR_MODEL
F5 VIPRION,f5 viprion,F5,viprion,UNKNOWN,https://www.f5.com/products,,REJECTED:NO_EVIDENCE,0.80,SUGGEST_ONLY,CONFIDENCE_MEDIUM,False,F5 VIPRION,F5,viprion,0.70,NO_AI_ACTION,AGENT_VENDOR_MODEL
F5 VIPRION 2400,f5 viprion 2400,F5,viprion,2400,https://www.f5.com/products,,NOT_CHECKED,1.00,APPLY_CHANGE,CONFIDENCE_HIGH,True,viprion,F5,viprion,0.70,NO_AI_ACTION,AGENT_VENDOR_MODEL
F5 VIPRION C2400,f5 viprion c2400,F5,viprion c2400,UNKNOWN,https://www.f5.com/products,,REJECTED:NO_EVIDENCE,0.80,SUGGEST_ONLY,CONFIDENCE_MEDIUM,False,F5 VIPRION C2400,F5,viprion c2400,0.70,NO_AI_ACTION,AGENT_VENDOR_MODEL
Fortinet FortiAnalyzer 200f,fortinet fortianalyzer 200f,UNKNOWN,fortinet fortianalyzer,200F,LOCAL_RULESET,fortinet fortianalyzer,NOT_CHECKED,0.55,SUGGEST_ONLY,CONFIDENCE_MEDIUM,False,Fortinet FortiAnalyzer 200f,UNKNOWN,fortinet fortianalyzer,0.00,NO_AI_ACTION,AGENT_VENDOR_MODEL
Fortinet FortiGate 400F,fortinet fortigate 400f,UNKNOWN,fortinet fortigate,400F,LOCAL_RULESET,fortinet fortigate,NOT_CHECKED,0.55,SUGGEST_ONLY,CONFIDENCE_MEDIUM,False,Fortinet FortiGate 400F,UNKNOWN,fortinet fortigate,0.00,NO_AI_ACTION,AGENT_VENDOR_MODEL
Fortinet FortiManager 200F,fortinet fortimanager 200f,UNKNOWN,fortinet fortimanager,200F,LOCAL_RULESET,fortinet fortimanager,NOT_CHECKED,0.55,SUGGEST_ONLY,CONFIDENCE_MEDIUM,False,Fortinet FortiManager 200F,UNKNOWN,fortinet fortimanager,0.00,NO_AI_ACTION,AGENT_VENDOR_MODEL
Fujitsu M10-1,fujitsu m10-1,UNKNOWN,fujitsu m10-1,UNKNOWN,LOCAL_RULESET,fujitsu m10-1,NOT_CHECKED,0.35,NO_CHANGE,CONFIDENCE_LOW,False,Fujitsu M10-1,UNKNOWN,fujitsu m10-1,0.00,NO_AI_ACTION,AGENT_VENDOR_MODEL
G&D RACK CONSOLE 17,g d rack console 17,UNKNOWN,g d console 17,UNKNOWN,LOCAL_RULESET,g d console 17,NOT_CHECKED,0.35,NO_CHANGE,CONFIDENCE_LOW,False,G&D RACK CONSOLE 17,UNKNOWN,g d console 17,0.00,NO_AI_ACTION,AGENT_VENDOR_MODEL
Geist Concentrator,geist concentrator,UNKNOWN,geist concentrator,UNKNOWN,LOCAL_RULESET,geist concentrator,NOT_CHECKED,0.35,NO_CHANGE,CONFIDENCE_LOW,False,Geist Concentrator,UNKNOWN,geist concentrator,0.00,NO_AI_ACTION,AGENT_VENDOR_MODEL
Genband G9,genband g9,UNKNOWN,genband g9,UNKNOWN,LOCAL_RULESET,genband g9,NOT_CHECKED,0.35,NO_CHANGE,CONFIDENCE_LOW,False,Genband G9,UNKNOWN,genband g9,0.00,NO_AI_ACTION,AGENT_VENDOR_MODEL
GIGAMON SYSTEMS GIGAVUE-212,gigamon systems gigavue-212,UNKNOWN,gigamon systems gigavue-,212,LOCAL_RULESET,gigamon systems gigavue-,NOT_CHECKED,0.55,SUGGEST_ONLY,CONFIDENCE_MEDIUM,False,GIGAMON SYSTEMS GIGAVUE-212,Gigamon,gigamon systems gigavue-,0.70,REFERENCE_MANUFACTURER_MATCH,https://www.gigamon.com/products
GIGAMON SYSTEMS GIGAVUE-2404,gigamon systems gigavue-2404,UNKNOWN,gigamon systems gigavue-,2404,LOCAL_RULESET,gigamon systems gigavue-,NOT_CHECKED,0.55,SUGGEST_ONLY,CONFIDENCE_MEDIUM,False,GIGAMON SYSTEMS GIGAVUE-2404,Gigamon,gigamon systems gigavue-,0.70,REFERENCE_MANUFACTURER_MATCH,https://www.gigamon.com/products
GIGAMON SYSTEMS GIGAVUE-HB1,gigamon systems gigavue-hb1,UNKNOWN,gigamon systems gigavue-hb1,UNKNOWN,LOCAL_RULESET,gigamon systems gigavue-hb1,NOT_CHECKED,0.35,NO_CHANGE,CONFIDENCE_LOW,False,GIGAMON SYSTEMS GIGAVUE-HB1,Gigamon,gigamon systems gigavue-hb1,0.70,REFERENCE_MANUFACTURER_MATCH,https://www.gigamon.com/products
Gigamon Systems Gigavue-TA25,gigamon systems gigavue-ta25,UNKNOWN,gigamon systems gigavue-ta25,UNKNOWN,LOCAL_RULESET,gigamon systems gigavue-ta25,NOT_CHECKED,0.35,NO_CHANGE,CONFIDENCE_LOW,False,Gigamon Systems Gigavue-TA25,Gigamon,gigamon systems gigavue-ta25,0.70,REFERENCE_MANUFACTURER_MATCH,https://www.gigamon.com/products
Google Transfer Appliance,google transfer appliance,UNKNOWN,google transfer,UNKNOWN,LOCAL_RULESET,google transfer,NOT_CHECKED,0.35,NO_CHANGE,CONFIDENCE_LOW,False,Google Transfer Appliance,UNKNOWN,google transfer,0.00,NO_AI_ACTION,AGENT_VENDOR_MODEL
Harmonic Electra XOS,harmonic electra xos,UNKNOWN,harmonic electra xos,UNKNOWN,LOCAL_RULESET,harmonic electra xos,NOT_CHECKED,0.35,NO_CHANGE,CONFIDENCE_LOW,False,Harmonic Electra XOS,UNKNOWN,harmonic electra xos,0.00,NO_AI_ACTION,AGENT_VENDOR_MODEL
Hewlett Packard 3PAR StoreServ 20000,hewlett packard 3par storeserv 20000,Hewlett Packard,vnxe vplex xtremio x1 x2 fujitsu eternus dx eternus lt e 3par inserv storeserv alletra 5000 6000 9000 enterpirse vir,4000,https://www.parkplacetechnologies.com/supported-products/, vnxe vplex xtremio x1 x2 fujitsu eternus dx eternus lt hpe 3par inserv storeserv alletra 4000 5000 6000 9000 enterpirse vir,ACCEPTED: vnxe vplex xtremio x1 x2 fujitsu eternus dx eternus lt hpe 3par inserv storeserv alletra 4000 5000 6000 9000 enterpirse vir,1.00,APPLY_CHANGE,CONFIDENCE_HIGH,True,vnxe vplex xtremio x1 x2 fujitsu eternus dx eternus lt e 3par inserv storeserv alletra 5000 6000 9000 enterpirse vir,Hewlett Packard,3par storeserv 20000,0.70,NO_AI_ACTION,AGENT_VENDOR_MODEL
Hewlett Packard 3PAR StoreServ 7400,hewlett packard 3par storeserv 7400,Hewlett Packard,3par storeserv,7400,https://support.hpe.com/hpesc/public/home,,NOT_CHECKED,1.00,APPLY_CHANGE,CONFIDENCE_HIGH,True,3par storeserv,Hewlett Packard,3par storeserv,0.70,NO_AI_ACTION,AGENT_VENDOR_MODEL
Hewlett Packard 3PAR StoreServ 8000,hewlett packard 3par storeserv 8000,Hewlett Packard,3par storeserv,8000,https://support.hpe.com/hpesc/public/home,,NOT_CHECKED,1.00,APPLY_CHANGE,CONFIDENCE_HIGH,True,3par storeserv,Hewlett Packard,3par storeserv,0.70,NO_AI_ACTION,AGENT_VENDOR_MODEL
Hewlett Packard AF621A,hewlett packard af621a,Hewlett Packard,af621a,UNKNOWN,https://support.hpe.com/hpesc/public/home,,REJECTED:NO_EVIDENCE,0.80,SUGGEST_ONLY,CONFIDENCE_MEDIUM,False,Hewlett Packard AF621A,Hewlett Packard,af621a,0.70,NO_AI_ACTION,AGENT_VENDOR_MODEL
Hewlett Packard AF621A - AF621A V2,hewlett packard af621a - af621a v2,Hewlett Packard,af621a - af621a v2,UNKNOWN,https://support.hpe.com/hpesc/public/home,,REJECTED:NO_EVIDENCE,0.80,SUGGEST_ONLY,CONFIDENCE_MEDIUM,False,Hewlett Packard AF621A - AF621A V2,Hewlett Packard,af621a - af621a v2,0.70,NO_AI_ACTION,AGENT_VENDOR_MODEL
Hewlett Packard Apollo 4200 G10,hewlett packard apollo 4200 g10,Hewlett Packard,apollo g10,4200,https://support.hpe.com/hpesc/public/home,,NOT_CHECKED,1.00,APPLY_CHANGE,CONFIDENCE_HIGH,True,apollo g10,Hewlett Packard,apollo g10,0.70,NO_AI_ACTION,AGENT_VENDOR_MODEL
Hewlett Packard Apollo 4200 G9,hewlett packard apollo 4200 g9,Hewlett Packard,apollo g9,4200,https://support.hpe.com/hpesc/public/home,,NOT_CHECKED,1.00,APPLY_CHANGE,CONFIDENCE_HIGH,True,apollo g9,Hewlett Packard,apollo g9,0.70,NO_AI_ACTION,AGENT_VENDOR_MODEL
Hewlett Packard Apollo 4510,hewlett packard apollo 4510,Hewlett Packard,apollo,4510,https://support.hpe.com/hpesc/public/home,,NOT_CHECKED,1.00,APPLY_CHANGE,CONFIDENCE_HIGH,True,apollo,Hewlett Packard,apollo,0.70,NO_AI_ACTION,AGENT_VENDOR_MODEL
Hewlett Packard Apollo 4510 G10,hewlett packard apollo 4510 g10,Hewlett Packard,apollo g10,4510,https://support.hpe.com/hpesc/public/home,,NOT_CHECKED,1.00,APPLY_CHANGE,CONFIDENCE_HIGH,True,apollo g10,Hewlett Packard,apollo g10,0.70,NO_AI_ACTION,AGENT_VENDOR_MODEL
Hewlett Packard D2600,hewlett packard d2600,Hewlett Packard,d2600,UNKNOWN,https://support.hpe.com/hpesc/public/home,,REJECTED:NO_EVIDENCE,0.80,SUGGEST_ONLY,CONFIDENCE_MEDIUM,False,Hewlett Packard D2600,Hewlett Packard,d2600,0.70,NO_AI_ACTION,AGENT_VENDOR_MODEL
Hewlett Packard D3700,hewlett packard d3700,Hewlett Packard,d3700,UNKNOWN,https://support.hpe.com/hpesc/public/home,,REJECTED:NO_EVIDENCE,0.80,SUGGEST_ONLY,CONFIDENCE_MEDIUM,False,Hewlett Packard D3700,Hewlett Packard,d3700,0.70,NO_AI_ACTION,AGENT_VENDOR_MODEL
Hewlett Packard HP ProLiant DL360 Gen11,hewlett packard hp proliant dl360 gen11,Hewlett Packard,proliant dl360,GEN11,https://support.hpe.com/hpesc/public/home,,NOT_CHECKED,1.00,APPLY_CHANGE,CONFIDENCE_HIGH,True,proliant dl360,Hewlett Packard,proliant dl360,0.70,NO_AI_ACTION,AGENT_VENDOR_MODEL
HEWLETT PACKARD LEFTHAND P4500,hewlett packard lefthand p4500,Hewlett Packard,lefthand p4500,UNKNOWN,https://support.hpe.com/hpesc/public/home,,REJECTED:oreever msl eml esl storeonce up to gen4 storevirtual p4000 lefthand surestore xp ibm ds 8000 series up to gen9 fleshsystem stor,0.80,SUGGEST_ONLY,CONFIDENCE_MEDIUM,False,HEWLETT PACKARD LEFTHAND P4500,Hewlett Packard,lefthand p4500,0.70,NO_AI_ACTION,AGENT_VENDOR_MODEL
Hewlett Packard M6710,hewlett packard m6710,Hewlett Packard,m6710,UNKNOWN,https://support.hpe.com/hpesc/public/home,,REJECTED:NO_EVIDENCE,0.80,SUGGEST_ONLY,CONFIDENCE_MEDIUM,False,Hewlett Packard M6710,Hewlett Packard,m6710,0.70,NO_AI_ACTION,AGENT_VENDOR_MODEL
Hewlett Packard MSA P2000 G3,hewlett packard msa p2000 g3,Hewlett Packard,msa p2000 g3,UNKNOWN,https://support.hpe.com/hpesc/public/home,,REJECTED:000 6000 9000 enterpirse virtual arrays modular smart array msa up to gen6 nimble cs hf af sf primera storeeasy up to gen7 ,0.80,SUGGEST_ONLY,CONFIDENCE_MEDIUM,False,Hewlett Packard MSA P2000 G3,Hewlett Packard,msa p2000 g3,0.70,NO_AI_ACTION,AGENT_VENDOR_MODEL
HEWLETT PACKARD MSA1000,hewlett packard msa1000,Hewlett Packard,msa1000,UNKNOWN,https://support.hpe.com/hpesc/public/home,,REJECTED:NO_EVIDENCE,0.80,SUGGEST_ONLY,CONFIDENCE_MEDIUM,False,HEWLETT PACKARD MSA1000,Hewlett Packard,msa1000,0.70,NO_AI_ACTION,AGENT_VENDOR_MODEL
HEWLETT PACKARD MSA2000,hewlett packard msa2000,Hewlett Packard,msa2000,UNKNOWN,https://support.hpe.com/hpesc/public/home,,REJECTED:NO_EVIDENCE,0.80,SUGGEST_ONLY,CONFIDENCE_MEDIUM,False,HEWLETT PACKARD MSA2000,Hewlett Packard,msa2000,0.70,NO_AI_ACTION,AGENT_VENDOR_MODEL
Hewlett Packard P2000 G3,hewlett packard p2000 g3,Hewlett Packard,p2000 g3,UNKNOWN,https://support.hpe.com/hpesc/public/home,,REJECTED:NO_EVIDENCE,0.80,SUGGEST_ONLY,CONFIDENCE_MEDIUM,False,Hewlett Packard P2000 G3,Hewlett Packard,p2000 g3,0.70,NO_AI_ACTION,AGENT_VENDOR_MODEL
Hewlett Packard ProLiant DL325 Gen10,hewlett packard proliant dl325 gen10,Hewlett Packard,proliant dl325,GEN10,https://support.hpe.com/hpesc/public/home,,NOT_CHECKED,1.00,APPLY_CHANGE,CONFIDENCE_HIGH,True,proliant dl325,Hewlett Packard,proliant dl325,0.70,NO_AI_ACTION,AGENT_VENDOR_MODEL
Hewlett Packard ProLiant DL360 Gen10,hewlett packard proliant dl360 gen10,Hewlett Packard,proliant dl360,GEN10,https://support.hpe.com/hpesc/public/home,,NOT_CHECKED,1.00,APPLY_CHANGE,CONFIDENCE_HIGH,True,proliant dl360,Hewlett Packard,proliant dl360,0.70,NO_AI_ACTION,AGENT_VENDOR_MODEL
Hewlett Packard ProLiant DL360 Gen11,hewlett packard proliant dl360 gen11,Hewlett Packard,proliant dl360,GEN11,https://support.hpe.com/hpesc/public/home,,NOT_CHECKED,1.00,APPLY_CHANGE,CONFIDENCE_HIGH,True,proliant dl360,Hewlett Packard,proliant dl360,0.70,NO_AI_ACTION,AGENT_VENDOR_MODEL
Hewlett Packard ProLiant DL360 Gen8,hewlett packard proliant dl360 gen8,Hewlett Packard,proliant dl360,GEN8,https://support.hpe.com/hpesc/public/home,,NOT_CHECKED,1.00,APPLY_CHANGE,CONFIDENCE_HIGH,True,proliant dl360,Hewlett Packard,proliant dl360,0.70,NO_AI_ACTION,AGENT_VENDOR_MODEL
Hewlett Packard ProLiant DL360 Gen9,hewlett packard proliant dl360 gen9,Hewlett Packard,proliant dl360,GEN9,https://support.hpe.com/hpesc/public/home,,NOT_CHECKED,1.00,APPLY_CHANGE,CONFIDENCE_HIGH,True,proliant dl360,Hewlett Packard,proliant dl360,0.70,NO_AI_ACTION,AGENT_VENDOR_MODEL
HEWLETT PACKARD PROLIANT DL360p GEN 10,hewlett packard proliant dl360p gen 10,Hewlett Packard,proliant dl360p,GEN 10,https://support.hpe.com/hpesc/public/home,,NOT_CHECKED,1.00,APPLY_CHANGE,CONFIDENCE_HIGH,True,proliant dl360p,Hewlett Packard,proliant dl360p,0.70,NO_AI_ACTION,AGENT_VENDOR_MODEL
Hewlett Packard ProLiant DL360p Gen8,hewlett packard proliant dl360p gen8,Hewlett Packard,proliant dl360p,GEN8,https://support.hpe.com/hpesc/public/home,,NOT_CHECKED,1.00,APPLY_CHANGE,CONFIDENCE_HIGH,True,proliant dl360p,Hewlett Packard,proliant dl360p,0.70,NO_AI_ACTION,AGENT_VENDOR_MODEL
HEWLETT PACKARD PROLIANT DL380 G5,hewlett packard proliant dl380 g5,Hewlett Packard,proliant dl380 g5,UNKNOWN,https://support.hpe.com/hpesc/public/home,,REJECTED:tegrity i2 i4 i6 integrity mc990 x moonshot nonstop systems proliant up to gen12 proliant s6500 chassis superdome pa-risc integr,0.80,SUGGEST_ONLY,CONFIDENCE_MEDIUM,False,HEWLETT PACKARD PROLIANT DL380 G5,Hewlett Packard,proliant dl380 g5,0.70,NO_AI_ACTION,AGENT_VENDOR_MODEL
HEWLETT PACKARD PROLIANT DL380 G6,hewlett packard proliant dl380 g6,Hewlett Packard,proliant dl380 g6,UNKNOWN,https://support.hpe.com/hpesc/public/home,,REJECTED:tegrity i2 i4 i6 integrity mc990 x moonshot nonstop systems proliant up to gen12 proliant s6500 chassis superdome pa-risc integr,0.80,SUGGEST_ONLY,CONFIDENCE_MEDIUM,False,HEWLETT PACKARD PROLIANT DL380 G6,Hewlett Packard,proliant dl380 g6,0.70,NO_AI_ACTION,AGENT_VENDOR_MODEL
HEWLETT PACKARD PROLIANT DL380 G7,hewlett packard proliant dl380 g7,Hewlett Packard,proliant dl380 g7,UNKNOWN,https://support.hpe.com/hpesc/public/home,,REJECTED:tegrity i2 i4 i6 integrity mc990 x moonshot nonstop systems proliant up to gen12 proliant s6500 chassis superdome pa-risc integr,0.80,SUGGEST_ONLY,CONFIDENCE_MEDIUM,False,HEWLETT PACKARD PROLIANT DL380 G7,Hewlett Packard,proliant dl380 g7,0.70,NO_AI_ACTION,AGENT_VENDOR_MODEL
Hewlett Packard ProLiant DL380 Gen10,hewlett packard proliant dl380 gen10,Hewlett Packard,proliant dl380,GEN10,https://support.hpe.com/hpesc/public/home,,NOT_CHECKED,1.00,APPLY_CHANGE,CONFIDENCE_HIGH,True,proliant dl380,Hewlett Packard,proliant dl380,0.70,NO_AI_ACTION,AGENT_VENDOR_MODEL
Hewlett Packard ProLiant DL380 Gen8,hewlett packard proliant dl380 gen8,Hewlett Packard,proliant dl380,GEN8,https://support.hpe.com/hpesc/public/home,,NOT_CHECKED,1.00,APPLY_CHANGE,CONFIDENCE_HIGH,True,proliant dl380,Hewlett Packard,proliant dl380,0.70,NO_AI_ACTION,AGENT_VENDOR_MODEL
Hewlett Packard ProLiant DL380 Gen9,hewlett packard proliant dl380 gen9,Hewlett Packard,proliant dl380,GEN9,https://support.hpe.com/hpesc/public/home,,NOT_CHECKED,1.00,APPLY_CHANGE,CONFIDENCE_HIGH,True,proliant dl380,Hewlett Packard,proliant dl380,0.70,NO_AI_ACTION,AGENT_VENDOR_MODEL
HEWLETT PACKARD PROLIANT DL380P GEN10,hewlett packard proliant dl380p gen10,Hewlett Packard,proliant dl380p,GEN10,https://support.hpe.com/hpesc/public/home,,NOT_CHECKED,1.00,APPLY_CHANGE,CONFIDENCE_HIGH,True,proliant dl380p,Hewlett Packard,proliant dl380p,0.70,NO_AI_ACTION,AGENT_VENDOR_MODEL
Hewlett Packard ProLiant DL380p Gen8,hewlett packard proliant dl380p gen8,Hewlett Packard,proliant dl380p,GEN8,https://support.hpe.com/hpesc/public/home,,NOT_CHECKED,1.00,APPLY_CHANGE,CONFIDENCE_HIGH,True,proliant dl380p,Hewlett Packard,proliant dl380p,0.70,NO_AI_ACTION,AGENT_VENDOR_MODEL
Hewlett Packard ProLiant DL560 Gen10,hewlett packard proliant dl560 gen10,Hewlett Packard,proliant dl560,GEN10,https://support.hpe.com/hpesc/public/home,,NOT_CHECKED,1.00,APPLY_CHANGE,CONFIDENCE_HIGH,True,proliant dl560,Hewlett Packard,proliant dl560,0.70,NO_AI_ACTION,AGENT_VENDOR_MODEL
Hewlett Packard ProLiant DL560 Gen8,hewlett packard proliant dl560 gen8,Hewlett Packard,proliant dl560,GEN8,https://support.hpe.com/hpesc/public/home,,NOT_CHECKED,1.00,APPLY_CHANGE,CONFIDENCE_HIGH,True,proliant dl560,Hewlett Packard,proliant dl560,0.70,NO_AI_ACTION,AGENT_VENDOR_MODEL
Hewlett Packard ProLiant DL560 Gen9,hewlett packard proliant dl560 gen9,Hewlett Packard,proliant dl560,GEN9,https://support.hpe.com/hpesc/public/home,,NOT_CHECKED,1.00,APPLY_CHANGE,CONFIDENCE_HIGH,True,proliant dl560,Hewlett Packard,proliant dl560,0.70,NO_AI_ACTION,AGENT_VENDOR_MODEL
HEWLETT PACKARD PROLIANT DL560P GEN8,hewlett packard proliant dl560p gen8,Hewlett Packard,proliant dl560p,GEN8,https://support.hpe.com/hpesc/public/home,,NOT_CHECKED,1.00,APPLY_CHANGE,CONFIDENCE_HIGH,True,proliant dl560p,Hewlett Packard,proliant dl560p,0.70,NO_AI_ACTION,AGENT_VENDOR_MODEL
HEWLETT PACKARD PROLIANT DL580 G7,hewlett packard proliant dl580 g7,Hewlett Packard,proliant dl580 g7,UNKNOWN,https://support.hpe.com/hpesc/public/home,,REJECTED:tegrity i2 i4 i6 integrity mc990 x moonshot nonstop systems proliant up to gen12 proliant s6500 chassis superdome pa-risc integr,0.80,SUGGEST_ONLY,CONFIDENCE_MEDIUM,False,HEWLETT PACKARD PROLIANT DL580 G7,Hewlett Packard,proliant dl580 g7,0.70,NO_AI_ACTION,AGENT_VENDOR_MODEL
Hewlett Packard ProLiant DL580 Gen8,hewlett packard proliant dl580 gen8,Hewlett Packard,proliant dl580,GEN8,https://support.hpe.com/hpesc/public/home,,NOT_CHECKED,1.00,APPLY_CHANGE,CONFIDENCE_HIGH,True,proliant dl580,Hewlett Packard,proliant dl580,0.70,NO_AI_ACTION,AGENT_VENDOR_MODEL
HEWLETT PACKARD SANSWITCH 8/24,hewlett packard sanswitch 8 24,Hewlett Packard,sanswitch 8 24,UNKNOWN,https://support.hpe.com/hpesc/public/home,,REJECTED:NO_EVIDENCE,0.80,SUGGEST_ONLY,CONFIDENCE_MEDIUM,False,HEWLETT PACKARD SANSWITCH 8/24,Hewlett Packard,sanswitch 8 24,0.70,NO_AI_ACTION,AGENT_VENDOR_MODEL
Hewlett Packard SN6000B Fibre Channel Switch,hewlett packard sn6000b fibre channel switch,Hewlett Packard,sn6000b fibre channel,UNKNOWN,https://support.hpe.com/hpesc/public/home,,REJECTED:cs ccs brocade 12000 director 24000 director 48000 director fibre backbone dcx dcx8510 x6 intrepid netiron bigiron fastiron f,0.80,SUGGEST_ONLY,CONFIDENCE_MEDIUM,False,Hewlett Packard SN6000B Fibre Channel Switch,Hewlett Packard,sn6000b fibre channel,0.70,NO_AI_ACTION,AGENT_VENDOR_MODEL
HEWLETT PACKARD STORAGEWORKS,hewlett packard storageworks,Hewlett Packard,storageworks,UNKNOWN,https://support.hpe.com/hpesc/public/home,,REJECTED:NO_EVIDENCE,0.80,SUGGEST_ONLY,CONFIDENCE_MEDIUM,False,HEWLETT PACKARD STORAGEWORKS,Hewlett Packard,storageworks,0.70,NO_AI_ACTION,AGENT_VENDOR_MODEL
Hewlett Packard Storageworks 8/24  San Switch,hewlett packard storageworks 8 24 san switch,Hewlett Packard,storageworks 8 24 san,UNKNOWN,https://support.hpe.com/hpesc/public/home,,REJECTED:ed steelhead series wan appliances hci dell vblock vxblock vsan ready nodes vxflex powerflex up to 16th gen vxrail up to 16,0.80,SUGGEST_ONLY,CONFIDENCE_MEDIUM,False,Hewlett Packard Storageworks 8/24  San Switch,Hewlett Packard,storageworks 8 24 san,0.70,NO_AI_ACTION,AGENT_VENDOR_MODEL
Hewlett Packard Storageworks MSA 2040,hewlett packard storageworks msa 2040,Hewlett Packard,storageworks msa,2040,https://support.hpe.com/hpesc/public/home,,NOT_CHECKED,1.00,APPLY_CHANGE,CONFIDENCE_HIGH,True,storageworks msa,Hewlett Packard,storageworks msa,0.70,NO_AI_ACTION,AGENT_VENDOR_MODEL
HP 3PAR StoreServ 8400 4-node Storage Base,hp 3par storeserv 8400 4-node storage base,Hewlett Packard,3par storeserv 4-node base,8400,https://support.hpe.com/hpesc/public/home,,NOT_CHECKED,1.00,APPLY_CHANGE,CONFIDENCE_HIGH,True,3par storeserv 4-node base,Hewlett Packard,3par storeserv 4-node base,0.70,NO_AI_ACTION,AGENT_VENDOR_MODEL
HP Hewlett-Packard Apollo 4510 Gen 10,hp hewlett-packard apollo 4510 gen 10,Hewlett Packard,hewlett-packard apollo 4510,GEN 10,https://support.hpe.com/hpesc/public/home,,NOT_CHECKED,1.00,APPLY_CHANGE,CONFIDENCE_HIGH,True,hewlett-packard apollo 4510,Hewlett Packard,hewlett-packard apollo 4510,0.70,NO_AI_ACTION,AGENT_VENDOR_MODEL
HP HPE ProLiant DL360 Gen10 Server,hp hpe proliant dl360 gen10 server,Hewlett Packard,e proliant dl360,GEN10,https://support.hpe.com/hpesc/public/home,,NOT_CHECKED,1.00,APPLY_CHANGE,CONFIDENCE_HIGH,True,e proliant dl360,Hewlett Packard,e proliant dl360,0.70,NO_AI_ACTION,AGENT_VENDOR_MODEL
HP Proliant Dl360 G10,hp proliant dl360 g10,Hewlett Packard,proliant dl360 g10,UNKNOWN,https://support.hpe.com/hpesc/public/home,,REJECTED:tegrity i2 i4 i6 integrity mc990 x moonshot nonstop systems proliant up to gen12 proliant s6500 chassis superdome pa-risc integr,0.80,SUGGEST_ONLY,CONFIDENCE_MEDIUM,False,HP Proliant Dl360 G10,Hewlett Packard,proliant dl360 g10,0.70,NO_AI_ACTION,AGENT_VENDOR_MODEL
HP ProLiant DL360 G5,hp proliant dl360 g5,Hewlett Packard,proliant dl360 g5,UNKNOWN,https://support.hpe.com/hpesc/public/home,,REJECTED:tegrity i2 i4 i6 integrity mc990 x moonshot nonstop systems proliant up to gen12 proliant s6500 chassis superdome pa-risc integr,0.80,SUGGEST_ONLY,CONFIDENCE_MEDIUM,False,HP ProLiant DL360 G5,Hewlett Packard,proliant dl360 g5,0.70,NO_AI_ACTION,AGENT_VENDOR_MODEL
HP Proliant Dl360 G6,hp proliant dl360 g6,Hewlett Packard,proliant dl360 g6,UNKNOWN,https://support.hpe.com/hpesc/public/home,,REJECTED:tegrity i2 i4 i6 integrity mc990 x moonshot nonstop systems proliant up to gen12 proliant s6500 chassis superdome pa-risc integr,0.80,SUGGEST_ONLY,CONFIDENCE_MEDIUM,False,HP Proliant Dl360 G6,Hewlett Packard,proliant dl360 g6,0.70,NO_AI_ACTION,AGENT_VENDOR_MODEL
HP ProLiant DL360 Gen10,hp proliant dl360 gen10,Hewlett Packard,proliant dl360,GEN10,https://support.hpe.com/hpesc/public/home,,NOT_CHECKED,1.00,APPLY_CHANGE,CONFIDENCE_HIGH,True,proliant dl360,Hewlett Packard,proliant dl360,0.70,NO_AI_ACTION,AGENT_VENDOR_MODEL
HP ProLiant DL360 Gen11,hp proliant dl360 gen11,Hewlett Packard,proliant dl360,GEN11,https://support.hpe.com/hpesc/public/home,,NOT_CHECKED,1.00,APPLY_CHANGE,CONFIDENCE_HIGH,True,proliant dl360,Hewlett Packard,proliant dl360,0.70,NO_AI_ACTION,AGENT_VENDOR_MODEL
HP Proliant Dl365 G11,hp proliant dl365 g11,Hewlett Packard,proliant dl365 g11,UNKNOWN,https://support.hpe.com/hpesc/public/home,,REJECTED:tegrity i2 i4 i6 integrity mc990 x moonshot nonstop systems proliant up to gen12 proliant s6500 chassis superdome pa-risc integr,0.80,SUGGEST_ONLY,CONFIDENCE_MEDIUM,False,HP Proliant Dl365 G11,Hewlett Packard,proliant dl365 g11,0.70,NO_AI_ACTION,AGENT_VENDOR_MODEL
HP Proliant DL380 G10,hp proliant dl380 g10,Hewlett Packard,proliant dl380 g10,UNKNOWN,https://support.hpe.com/hpesc/public/home,,REJECTED:tegrity i2 i4 i6 integrity mc990 x moonshot nonstop systems proliant up to gen12 proliant s6500 chassis superdome pa-risc integr,0.80,SUGGEST_ONLY,CONFIDENCE_MEDIUM,False,HP Proliant DL380 G10,Hewlett Packard,proliant dl380 g10,0.70,NO_AI_ACTION,AGENT_VENDOR_MODEL
HP Proliant DL385 G10,hp proliant dl385 g10,Hewlett Packard,proliant dl385 g10,UNKNOWN,https://support.hpe.com/hpesc/public/home,,REJECTED:tegrity i2 i4 i6 integrity mc990 x moonshot nonstop systems proliant up to gen12 proliant s6500 chassis superdome pa-risc integr,0.80,SUGGEST_ONLY,CONFIDENCE_MEDIUM,False,HP Proliant DL385 G10,Hewlett Packard,proliant dl385 g10,0.70,NO_AI_ACTION,AGENT_VENDOR_MODEL
HP Proliant Dl385 G7,hp proliant dl385 g7,Hewlett Packard,proliant dl385 g7,UNKNOWN,https://support.hpe.com/hpesc/public/home,,REJECTED:tegrity i2 i4 i6 integrity mc990 x moonshot nonstop systems proliant up to gen12 proliant s6500 chassis superdome pa-risc integr,0.80,SUGGEST_ONLY,CONFIDENCE_MEDIUM,False,HP Proliant Dl385 G7,Hewlett Packard,proliant dl385 g7,0.70,NO_AI_ACTION,AGENT_VENDOR_MODEL
HP Storageworks MSA 2060,hp storageworks msa 2060,Hewlett Packard,storageworks msa,2060,https://support.hpe.com/hpesc/public/home,,NOT_CHECKED,1.00,APPLY_CHANGE,CONFIDENCE_HIGH,True,storageworks msa,Hewlett Packard,storageworks msa,0.70,NO_AI_ACTION,AGENT_VENDOR_MODEL
HP StorageWorks Msa70,hp storageworks msa70,Hewlett Packard,storageworks msa70,UNKNOWN,https://support.hpe.com/hpesc/public/home,,REJECTED:NO_EVIDENCE,0.80,SUGGEST_ONLY,CONFIDENCE_MEDIUM,False,HP StorageWorks Msa70,Hewlett Packard,storageworks msa70,0.70,NO_AI_ACTION,AGENT_VENDOR_MODEL
HP Tft7600,hp tft7600,Hewlett Packard,tft7600,UNKNOWN,https://support.hpe.com/hpesc/public/home,,REJECTED:NO_EVIDENCE,0.80,SUGGEST_ONLY,CONFIDENCE_MEDIUM,False,HP Tft7600,Hewlett Packard,tft7600,0.70,NO_AI_ACTION,AGENT_VENDOR_MODEL
Huawei Osta 2.0,huawei osta 2 0,UNKNOWN,huawei osta 2 0,UNKNOWN,LOCAL_RULESET,huawei osta 2 0,NOT_CHECKED,0.35,NO_CHANGE,CONFIDENCE_LOW,False,Huawei Osta 2.0,UNKNOWN,huawei osta 2 0,0.00,NO_AI_ACTION,AGENT_VENDOR_MODEL
I - BOX E-SQUARED,i - box e-squared,UNKNOWN,i - box e-squared,UNKNOWN,LOCAL_RULESET,i - box e-squared,NOT_CHECKED,0.35,NO_CHANGE,CONFIDENCE_LOW,False,I - BOX E-SQUARED,UNKNOWN,i - box e-squared,0.00,NO_AI_ACTION,AGENT_VENDOR_MODEL
IBM 3576-E9U,ibm 3576-e9u,IBM,UNKNOWN,3576-E9U,https://www.ibm.com/products,,NOT_CHECKED,0.55,SUGGEST_ONLY,CONFIDENCE_MEDIUM,False,IBM 3576-E9U,IBM,UNKNOWN,0.00,NO_AI_ACTION,AGENT_VENDOR_MODEL
IBM 3576-L5B,ibm 3576-l5b,IBM,UNKNOWN,3576-L5B,https://www.ibm.com/products,,NOT_CHECKED,0.55,SUGGEST_ONLY,CONFIDENCE_MEDIUM,False,IBM 3576-L5B,IBM,UNKNOWN,0.00,NO_AI_ACTION,AGENT_VENDOR_MODEL
IBM 8670-31X,ibm 8670-31x,IBM,UNKNOWN,8670-31X,https://www.ibm.com/products,,NOT_CHECKED,0.55,SUGGEST_ONLY,CONFIDENCE_MEDIUM,False,IBM 8670-31X,IBM,UNKNOWN,0.00,NO_AI_ACTION,AGENT_VENDOR_MODEL
IBM FlashSystem FS9500,ibm flashsystem fs9500,IBM,flashsystem fs9500,UNKNOWN,https://www.ibm.com/products,,NOT_CHECKED,0.80,SUGGEST_ONLY,CONFIDENCE_MEDIUM,False,IBM FlashSystem FS9500,IBM,flashsystem fs9500,0.70,NO_AI_ACTION,AGENT_VENDOR_MODEL
IBM Rackswitch G8052,ibm rackswitch g8052,IBM,rackswitch g8052,UNKNOWN,https://www.ibm.com/products,,NOT_CHECKED,0.80,SUGGEST_ONLY,CONFIDENCE_MEDIUM,False,IBM Rackswitch G8052,IBM,rackswitch g8052,0.70,NO_AI_ACTION,AGENT_VENDOR_MODEL
IBM Storwize V3700 Expansion,ibm storwize v3700 expansion,IBM,storwize v3700 expansion,UNKNOWN,https://www.ibm.com/products,,NOT_CHECKED,0.80,SUGGEST_ONLY,CONFIDENCE_MEDIUM,False,IBM Storwize V3700 Expansion,IBM,storwize v3700 expansion,0.70,NO_AI_ACTION,AGENT_VENDOR_MODEL
IBM Storwize v7000,ibm storwize v7000,IBM,storwize v7000,UNKNOWN,https://www.ibm.com/products,,NOT_CHECKED,0.80,SUGGEST_ONLY,CONFIDENCE_MEDIUM,False,IBM Storwize v7000,IBM,storwize v7000,0.70,NO_AI_ACTION,AGENT_VENDOR_MODEL
IBM Storwize V7000 Controller,ibm storwize v7000 controller,IBM,storwize v7000 controller,UNKNOWN,https://www.ibm.com/products,,NOT_CHECKED,0.80,SUGGEST_ONLY,CONFIDENCE_MEDIUM,False,IBM Storwize V7000 Controller,IBM,storwize v7000 controller,0.70,NO_AI_ACTION,AGENT_VENDOR_MODEL
IBM Storwize V7000 Expansion,ibm storwize v7000 expansion,IBM,storwize v7000 expansion,UNKNOWN,https://www.ibm.com/products,,NOT_CHECKED,0.80,SUGGEST_ONLY,CONFIDENCE_MEDIUM,False,IBM Storwize V7000 Expansion,IBM,storwize v7000 expansion,0.70,NO_AI_ACTION,AGENT_VENDOR_MODEL
IBM System Storage Exp2524,ibm system storage exp2524,IBM,exp2524,UNKNOWN,https://www.ibm.com/products,,NOT_CHECKED,0.80,SUGGEST_ONLY,CONFIDENCE_MEDIUM,False,IBM System Storage Exp2524,IBM,exp2524,0.70,NO_AI_ACTION,AGENT_VENDOR_MODEL
IBM V3700,ibm v3700,IBM,v3700,UNKNOWN,https://www.ibm.com/products,,NOT_CHECKED,0.80,SUGGEST_ONLY,CONFIDENCE_MEDIUM,False,IBM V3700,IBM,v3700,0.70,NO_AI_ACTION,AGENT_VENDOR_MODEL
Imperva Secure Sphere X8520,imperva secure sphere x8520,UNKNOWN,imperva secure sphere x8520,UNKNOWN,LOCAL_RULESET,imperva secure sphere x8520,NOT_CHECKED,0.35,NO_CHANGE,CONFIDENCE_LOW,False,Imperva Secure Sphere X8520,Imperva,imperva secure sphere x8520,0.70,REFERENCE_MANUFACTURER_MATCH,https://www.imperva.com/products
IMPERVA SECURESPHERE X2500,imperva securesphere x2500,UNKNOWN,imperva securesphere x2500,UNKNOWN,LOCAL_RULESET,imperva securesphere x2500,NOT_CHECKED,0.35,NO_CHANGE,CONFIDENCE_LOW,False,IMPERVA SECURESPHERE X2500,Imperva,imperva securesphere x2500,0.70,REFERENCE_MANUFACTURER_MATCH,https://www.imperva.com/products
Infoblox Trinzic 1425,infoblox trinzic 1425,UNKNOWN,infoblox trinzic,1425,LOCAL_RULESET,infoblox trinzic,NOT_CHECKED,0.55,SUGGEST_ONLY,CONFIDENCE_MEDIUM,False,Infoblox Trinzic 1425,UNKNOWN,infoblox trinzic,0.00,NO_AI_ACTION,AGENT_VENDOR_MODEL
Infoblox Trinzic 1526,infoblox trinzic 1526,UNKNOWN,infoblox trinzic,1526,LOCAL_RULESET,infoblox trinzic,NOT_CHECKED,0.55,SUGGEST_ONLY,CONFIDENCE_MEDIUM,False,Infoblox Trinzic 1526,UNKNOWN,infoblox trinzic,0.00,NO_AI_ACTION,AGENT_VENDOR_MODEL
Infoblox Trinzic 2225,infoblox trinzic 2225,UNKNOWN,infoblox trinzic,2225,LOCAL_RULESET,infoblox trinzic,NOT_CHECKED,0.55,SUGGEST_ONLY,CONFIDENCE_MEDIUM,False,Infoblox Trinzic 2225,UNKNOWN,infoblox trinzic,0.00,NO_AI_ACTION,AGENT_VENDOR_MODEL
Intel True Scale Fabric 12200 Switch,intel true scale fabric 12200 switch,UNKNOWN,intel true scale 12200,UNKNOWN,LOCAL_RULESET,intel true scale 12200,NOT_CHECKED,0.35,NO_CHANGE,CONFIDENCE_LOW,False,Intel True Scale Fabric 12200 Switch,Intel,intel true scale 12200,0.70,REFERENCE_MANUFACTURER_MATCH,https://www.intel.com/content/www/us/en/products/networking/data-center-products.html
Ixia Optixia XM2,ixia optixia xm2,UNKNOWN,ixia optixia xm2,UNKNOWN,LOCAL_RULESET,ixia optixia xm2,NOT_CHECKED,0.35,NO_CHANGE,CONFIDENCE_LOW,False,Ixia Optixia XM2,UNKNOWN,ixia optixia xm2,0.00,NO_AI_ACTION,AGENT_VENDOR_MODEL
Juniper IDP 8200,juniper idp 8200,Juniper,idp,8200,https://www.juniper.net/us/en/products-services/,,NOT_CHECKED,1.00,APPLY_CHANGE,CONFIDENCE_HIGH,True,idp,Juniper,idp,0.70,NO_AI_ACTION,AGENT_VENDOR_MODEL
Juniper IDP800,juniper idp800,Juniper,idp800,UNKNOWN,https://www.juniper.net/us/en/products-services/,,REJECTED:NO_EVIDENCE,0.80,SUGGEST_ONLY,CONFIDENCE_MEDIUM,False,Juniper IDP800,Juniper,idp800,0.70,NO_AI_ACTION,AGENT_VENDOR_MODEL
JUNIPER IDP8200,juniper idp8200,Juniper,idp8200,UNKNOWN,https://www.juniper.net/us/en/products-services/,,REJECTED:NO_EVIDENCE,0.80,SUGGEST_ONLY,CONFIDENCE_MEDIUM,False,JUNIPER IDP8200,Juniper,idp8200,0.70,NO_AI_ACTION,AGENT_VENDOR_MODEL
Juniper Nsmx Press Series Ii,juniper nsmx press series ii,Juniper,ed as statements of fact gartner disclaims all warranties expressed or implied with respect to this research including any wa,UNKNOWN,https://www.juniper.net/us/en/products-services/,ed as statements of fact gartner disclaims all warranties expressed or implied with respect to this research including any wa,NOT_CHECKED,0.86,APPLY_CHANGE,CONFIDENCE_HIGH,True,ed as statements of fact gartner disclaims all warranties expressed or implied with respect to this research including any wa,Juniper,nsmx press ii,0.70,NO_AI_ACTION,AGENT_VENDOR_MODEL
Juniper Strm2500,juniper strm2500,Juniper,strm2500,UNKNOWN,https://www.juniper.net/us/en/products-services/,,REJECTED:NO_EVIDENCE,0.80,SUGGEST_ONLY,CONFIDENCE_MEDIUM,False,Juniper Strm2500,Juniper,strm2500,0.70,NO_AI_ACTION,AGENT_VENDOR_MODEL
Keymile MileGate 2500,keymile milegate 2500,UNKNOWN,keymile milegate,2500,LOCAL_RULESET,keymile milegate,NOT_CHECKED,0.55,SUGGEST_ONLY,CONFIDENCE_MEDIUM,False,Keymile MileGate 2500,UNKNOWN,keymile milegate,0.00,NO_AI_ACTION,AGENT_VENDOR_MODEL
Lantronix CM11.YCWR,lantronix cm11 ycwr,UNKNOWN,lantronix cm11 ycwr,UNKNOWN,LOCAL_RULESET,lantronix cm11 ycwr,NOT_CHECKED,0.35,NO_CHANGE,CONFIDENCE_LOW,False,Lantronix CM11.YCWR,Lantronix,lantronix cm11 ycwr,0.70,REFERENCE_MANUFACTURER_MATCH,https://www.lantronix.com/products/
Lantronix CM3.sycwr,lantronix cm3 sycwr,UNKNOWN,lantronix cm3 sycwr,UNKNOWN,LOCAL_RULESET,lantronix cm3 sycwr,NOT_CHECKED,0.35,NO_CHANGE,CONFIDENCE_LOW,False,Lantronix CM3.sycwr,Lantronix,lantronix cm3 sycwr,0.70,REFERENCE_MANUFACTURER_MATCH,https://www.lantronix.com/products/
Lantronix cm4.SYCWR,lantronix cm4 sycwr,UNKNOWN,lantronix cm4 sycwr,UNKNOWN,LOCAL_RULESET,lantronix cm4 sycwr,NOT_CHECKED,0.35,NO_CHANGE,CONFIDENCE_LOW,False,Lantronix cm4.SYCWR,Lantronix,lantronix cm4 sycwr,0.70,REFERENCE_MANUFACTURER_MATCH,https://www.lantronix.com/products/
Lantronix CM5.SYCWR,lantronix cm5 sycwr,UNKNOWN,lantronix cm5 sycwr,UNKNOWN,LOCAL_RULESET,lantronix cm5 sycwr,NOT_CHECKED,0.35,NO_CHANGE,CONFIDENCE_LOW,False,Lantronix CM5.SYCWR,Lantronix,lantronix cm5 sycwr,0.70,REFERENCE_MANUFACTURER_MATCH,https://www.lantronix.com/products/
Lantronix EDS16PR,lantronix eds16pr,UNKNOWN,lantronix eds16pr,UNKNOWN,LOCAL_RULESET,lantronix eds16pr,NOT_CHECKED,0.35,NO_CHANGE,CONFIDENCE_LOW,False,Lantronix EDS16PR,Lantronix,lantronix eds16pr,0.70,REFERENCE_MANUFACTURER_MATCH,https://www.lantronix.com/products/
Lantronix SECURELINX SLC32,lantronix securelinx slc32,lantronix,securelinx slc32,UNKNOWN,OVERRIDE_RULESET,None,OVERRIDE,1.00,APPLY_CHANGE,OVERRIDE,True,securelinx slc32,Lantronix,lantronix securelinx slc32,0.70,REFERENCE_MANUFACTURER_MATCH,https://www.lantronix.com/products/
Lantronix SECURELINX SLC32 - SLC03212N-02,lantronix securelinx slc32 - slc03212n-02,lantronix,securelinx slc32,slc03212n-02,OVERRIDE_RULESET,None,OVERRIDE,1.00,APPLY_CHANGE,OVERRIDE,True,securelinx slc32,Lantronix,lantronix securelinx slc32 - slc03212n-02,0.70,REFERENCE_MANUFACTURER_MATCH,https://www.lantronix.com/products/
Lantronix SECURELINX SLC8032,lantronix securelinx slc8032,lantronix,securelinx slc8032,UNKNOWN,OVERRIDE_RULESET,None,OVERRIDE,1.00,APPLY_CHANGE,OVERRIDE,True,securelinx slc8032,Lantronix,lantronix securelinx slc8032,0.70,REFERENCE_MANUFACTURER_MATCH,https://www.lantronix.com/products/
Lantronix SLC32,lantronix slc32,UNKNOWN,lantronix slc32,UNKNOWN,LOCAL_RULESET,lantronix slc32,NOT_CHECKED,0.35,NO_CHANGE,CONFIDENCE_LOW,False,Lantronix SLC32,Lantronix,lantronix slc32,0.70,REFERENCE_MANUFACTURER_MATCH,https://www.lantronix.com/products/
Lantronix SLC48,lantronix slc48,lantronix,slc48,UNKNOWN,OVERRIDE_RULESET,None,OVERRIDE,1.00,APPLY_CHANGE,OVERRIDE,True,slc48,Lantronix,lantronix slc48,0.70,REFERENCE_MANUFACTURER_MATCH,https://www.lantronix.com/products/
Lantronix SLC8,lantronix slc8,lantronix,slc8,UNKNOWN,OVERRIDE_RULESET,None,OVERRIDE,1.00,APPLY_CHANGE,OVERRIDE,True,slc8,Lantronix,lantronix slc8,0.70,REFERENCE_MANUFACTURER_MATCH,https://www.lantronix.com/products/
Lantronix SLC8032,lantronix slc8032,lantronix,slc8032,UNKNOWN,OVERRIDE_RULESET,None,OVERRIDE,1.00,APPLY_CHANGE,OVERRIDE,True,slc8032,Lantronix,lantronix slc8032,0.70,REFERENCE_MANUFACTURER_MATCH,https://www.lantronix.com/products/
LOGLOGIC LX 1025,loglogic lx 1025,UNKNOWN,loglogic lx,1025,LOCAL_RULESET,loglogic lx,NOT_CHECKED,0.55,SUGGEST_ONLY,CONFIDENCE_MEDIUM,False,LOGLOGIC LX 1025,UNKNOWN,loglogic lx,0.00,NO_AI_ACTION,AGENT_VENDOR_MODEL
LOGLOGIC ST 2025-SAN,loglogic st 2025-san,UNKNOWN,loglogic st,2025-SAN,LOCAL_RULESET,loglogic st,NOT_CHECKED,0.55,SUGGEST_ONLY,CONFIDENCE_MEDIUM,False,LOGLOGIC ST 2025-SAN,UNKNOWN,loglogic st,0.00,NO_AI_ACTION,AGENT_VENDOR_MODEL
Lucent Stinger Fs+,lucent stinger fs,UNKNOWN,lucent stinger fs,UNKNOWN,LOCAL_RULESET,lucent stinger fs,NOT_CHECKED,0.35,NO_CHANGE,CONFIDENCE_LOW,False,Lucent Stinger Fs+,UNKNOWN,lucent stinger fs,0.00,NO_AI_ACTION,AGENT_VENDOR_MODEL
MCAFEE DLP 4400,mcafee dlp 4400,McAfee,dlp,4400,https://www.mcafee.com/enterprise/en-us/products.html,,NOT_CHECKED,1.00,APPLY_CHANGE,CONFIDENCE_HIGH,True,dlp,McAfee,dlp,0.70,NO_AI_ACTION,AGENT_VENDOR_MODEL
MCAFEE FS850,mcafee fs850,McAfee,fs850,UNKNOWN,https://www.mcafee.com/enterprise/en-us/products.html,,NOT_CHECKED,0.80,SUGGEST_ONLY,CONFIDENCE_MEDIUM,False,MCAFEE FS850,McAfee,fs850,0.70,NO_AI_ACTION,AGENT_VENDOR_MODEL
Mediakind G9-1057,mediakind g9-1057,UNKNOWN,mediakind g9-,1057,LOCAL_RULESET,mediakind g9-,NOT_CHECKED,0.55,SUGGEST_ONLY,CONFIDENCE_MEDIUM,False,Mediakind G9-1057,UNKNOWN,mediakind g9-,0.00,NO_AI_ACTION,AGENT_VENDOR_MODEL
Mellanox SN3700C,mellanox sn3700c,Mellanox,sn3700c,UNKNOWN,https://www.nvidia.com/en-us/networking/,,NOT_CHECKED,0.80,SUGGEST_ONLY,CONFIDENCE_MEDIUM,False,Mellanox SN3700C,Mellanox,sn3700c,0.70,NO_AI_ACTION,AGENT_VENDOR_MODEL
Mellanox SX6790,mellanox sx6790,Mellanox,sx6790,UNKNOWN,https://www.nvidia.com/en-us/networking/,,NOT_CHECKED,0.80,SUGGEST_ONLY,CONFIDENCE_MEDIUM,False,Mellanox SX6790,Mellanox,sx6790,0.70,NO_AI_ACTION,AGENT_VENDOR_MODEL
﻿model,model,UNKNOWN,model,UNKNOWN,LOCAL_RULESET,model,NOT_CHECKED,0.35,NO_CHANGE,CONFIDENCE_LOW,False,﻿model,UNKNOWN,model,0.00,NO_AI_ACTION,AGENT_VENDOR_MODEL
MRV 4000T,mrv 4000t,UNKNOWN,mrv,4000T,LOCAL_RULESET,mrv,NOT_CHECKED,0.55,SUGGEST_ONLY,CONFIDENCE_MEDIUM,False,MRV 4000T,UNKNOWN,mrv,0.00,NO_AI_ACTION,AGENT_VENDOR_MODEL
Netapp AFF A400,netapp aff a400,UNKNOWN,netapp aff a400,UNKNOWN,LOCAL_RULESET,netapp aff a400,NOT_CHECKED,0.35,NO_CHANGE,CONFIDENCE_LOW,False,Netapp AFF A400,UNKNOWN,netapp aff a400,0.00,NO_AI_ACTION,AGENT_VENDOR_MODEL
Netapp BES-53248 Cluster Switch,netapp bes-53248 cluster switch,UNKNOWN,netapp bes-53248 cluster,UNKNOWN,LOCAL_RULESET,netapp bes-53248 cluster,NOT_CHECKED,0.35,NO_CHANGE,CONFIDENCE_LOW,False,Netapp BES-53248 Cluster Switch,UNKNOWN,netapp bes-53248 cluster,0.00,NO_AI_ACTION,AGENT_VENDOR_MODEL
Netapp DS224C,netapp ds224c,UNKNOWN,netapp ds224c,UNKNOWN,LOCAL_RULESET,netapp ds224c,NOT_CHECKED,0.35,NO_CHANGE,CONFIDENCE_LOW,False,Netapp DS224C,UNKNOWN,netapp ds224c,0.00,NO_AI_ACTION,AGENT_VENDOR_MODEL
NetApp DS4243,netapp ds4243,UNKNOWN,netapp ds4243,UNKNOWN,LOCAL_RULESET,netapp ds4243,NOT_CHECKED,0.35,NO_CHANGE,CONFIDENCE_LOW,False,NetApp DS4243,UNKNOWN,netapp ds4243,0.00,NO_AI_ACTION,AGENT_VENDOR_MODEL
Netapp DS460C Disk Array Enclosure,netapp ds460c disk array enclosure,UNKNOWN,netapp ds460c disk array,UNKNOWN,LOCAL_RULESET,netapp ds460c disk array,NOT_CHECKED,0.35,NO_CHANGE,CONFIDENCE_LOW,False,Netapp DS460C Disk Array Enclosure,UNKNOWN,netapp ds460c disk array,0.00,NO_AI_ACTION,AGENT_VENDOR_MODEL
NetApp FAS2020 Storage Controller,netapp fas2020 storage controller,UNKNOWN,netapp fas2020 controller,UNKNOWN,LOCAL_RULESET,netapp fas2020 controller,NOT_CHECKED,0.35,NO_CHANGE,CONFIDENCE_LOW,False,NetApp FAS2020 Storage Controller,UNKNOWN,netapp fas2020 controller,0.00,NO_AI_ACTION,AGENT_VENDOR_MODEL
NetApp FAS2240-4,netapp fas2240-4,UNKNOWN,netapp fas2240-4,UNKNOWN,LOCAL_RULESET,netapp fas2240-4,NOT_CHECKED,0.35,NO_CHANGE,CONFIDENCE_LOW,False,NetApp FAS2240-4,UNKNOWN,netapp fas2240-4,0.00,NO_AI_ACTION,AGENT_VENDOR_MODEL
Netapp Fas8300,netapp fas8300,UNKNOWN,netapp fas8300,UNKNOWN,LOCAL_RULESET,netapp fas8300,NOT_CHECKED,0.35,NO_CHANGE,CONFIDENCE_LOW,False,Netapp Fas8300,UNKNOWN,netapp fas8300,0.00,NO_AI_ACTION,AGENT_VENDOR_MODEL
Netapp SG5712,netapp sg5712,UNKNOWN,netapp sg5712,UNKNOWN,LOCAL_RULESET,netapp sg5712,NOT_CHECKED,0.35,NO_CHANGE,CONFIDENCE_LOW,False,Netapp SG5712,UNKNOWN,netapp sg5712,0.00,NO_AI_ACTION,AGENT_VENDOR_MODEL
Netgear ReadyNAS 1100,netgear readynas 1100,UNKNOWN,netgear readynas,1100,LOCAL_RULESET,netgear readynas,NOT_CHECKED,0.55,SUGGEST_ONLY,CONFIDENCE_MEDIUM,False,Netgear ReadyNAS 1100,UNKNOWN,netgear readynas,0.00,NO_AI_ACTION,AGENT_VENDOR_MODEL
NetOptics Regeneration Tap In-Line,netoptics regeneration tap in-line,UNKNOWN,netoptics regeneration tap in-line,UNKNOWN,LOCAL_RULESET,netoptics regeneration tap in-line,NOT_CHECKED,0.35,NO_CHANGE,CONFIDENCE_LOW,False,NetOptics Regeneration Tap In-Line,UNKNOWN,netoptics regeneration tap in-line,0.00,NO_AI_ACTION,AGENT_VENDOR_MODEL
NETWORK APPLIANCE DS4243,network appliance ds4243,UNKNOWN,network ds4243,UNKNOWN,LOCAL_RULESET,network ds4243,NOT_CHECKED,0.35,NO_CHANGE,CONFIDENCE_LOW,False,NETWORK APPLIANCE DS4243,UNKNOWN,network ds4243,0.00,NO_AI_ACTION,AGENT_VENDOR_MODEL
NETWORK APPLIANCE FAS2020,network appliance fas2020,UNKNOWN,network fas2020,UNKNOWN,LOCAL_RULESET,network fas2020,NOT_CHECKED,0.35,NO_CHANGE,CONFIDENCE_LOW,False,NETWORK APPLIANCE FAS2020,UNKNOWN,network fas2020,0.00,NO_AI_ACTION,AGENT_VENDOR_MODEL
NETWORK APPLIANCE FAS2240-4,network appliance fas2240-4,UNKNOWN,network fas2240-4,UNKNOWN,LOCAL_RULESET,network fas2240-4,NOT_CHECKED,0.35,NO_CHANGE,CONFIDENCE_LOW,False,NETWORK APPLIANCE FAS2240-4,UNKNOWN,network fas2240-4,0.00,NO_AI_ACTION,AGENT_VENDOR_MODEL
Nokia 1830 PSS-16ii,nokia 1830 pss-16ii,UNKNOWN,nokia pss-16ii,1830,LOCAL_RULESET,nokia pss-16ii,NOT_CHECKED,0.55,SUGGEST_ONLY,CONFIDENCE_MEDIUM,False,Nokia 1830 PSS-16ii,UNKNOWN,nokia pss-16ii,0.00,NO_AI_ACTION,AGENT_VENDOR_MODEL
NOKIA 7750 SR-2s,nokia 7750 sr-2s,UNKNOWN,nokia sr-2s,7750,LOCAL_RULESET,nokia sr-2s,NOT_CHECKED,0.55,SUGGEST_ONLY,CONFIDENCE_MEDIUM,False,NOKIA 7750 SR-2s,UNKNOWN,nokia sr-2s,0.00,NO_AI_ACTION,AGENT_VENDOR_MODEL
Nokia Celestica DX010,nokia celestica dx010,UNKNOWN,nokia celestica dx010,UNKNOWN,LOCAL_RULESET,nokia celestica dx010,NOT_CHECKED,0.35,NO_CHANGE,CONFIDENCE_LOW,False,Nokia Celestica DX010,UNKNOWN,nokia celestica dx010,0.00,NO_AI_ACTION,AGENT_VENDOR_MODEL
Nokia Celestica DX010-B2F,nokia celestica dx010-b2f,UNKNOWN,nokia celestica dx010-b2f,UNKNOWN,LOCAL_RULESET,nokia celestica dx010-b2f,NOT_CHECKED,0.35,NO_CHANGE,CONFIDENCE_LOW,False,Nokia Celestica DX010-B2F,UNKNOWN,nokia celestica dx010-b2f,0.00,NO_AI_ACTION,AGENT_VENDOR_MODEL
Nortel Contivity 600,nortel contivity 600,UNKNOWN,nortel contivity,600,LOCAL_RULESET,nortel contivity,NOT_CHECKED,0.55,SUGGEST_ONLY,CONFIDENCE_MEDIUM,False,Nortel Contivity 600,Nortel,nortel contivity,0.70,REFERENCE_MANUFACTURER_MATCH,https://en.wikipedia.org/wiki/Nortel
Nortel Media Gateway 3200,nortel media gateway 3200,UNKNOWN,nortel media gateway,3200,LOCAL_RULESET,nortel media gateway,NOT_CHECKED,0.55,SUGGEST_ONLY,CONFIDENCE_MEDIUM,False,Nortel Media Gateway 3200,Nortel,nortel media gateway,0.70,REFERENCE_MANUFACTURER_MATCH,https://en.wikipedia.org/wiki/Nortel
Opengear CM7148-2-DAC,opengear cm7148-2-dac,UNKNOWN,opengear cm7148-2-dac,UNKNOWN,LOCAL_RULESET,opengear cm7148-2-dac,NOT_CHECKED,0.35,NO_CHANGE,CONFIDENCE_LOW,False,Opengear CM7148-2-DAC,Opengear,opengear cm7148-2-dac,0.70,REFERENCE_MANUFACTURER_MATCH,https://opengear.com/products
Opengear IM 4216 Infrastructure Manager,opengear im 4216 infrastructure manager,UNKNOWN,opengear im infrastructure manager,4216,LOCAL_RULESET,opengear im infrastructure manager,NOT_CHECKED,0.55,SUGGEST_ONLY,CONFIDENCE_MEDIUM,False,Opengear IM 4216 Infrastructure Manager,Opengear,opengear im infrastructure manager,0.70,REFERENCE_MANUFACTURER_MATCH,https://opengear.com/products
Opengear IM4216 Infrastructure Manager,opengear im4216 infrastructure manager,UNKNOWN,opengear im4216 infrastructure manager,UNKNOWN,LOCAL_RULESET,opengear im4216 infrastructure manager,NOT_CHECKED,0.35,NO_CHANGE,CONFIDENCE_LOW,False,Opengear IM4216 Infrastructure Manager,Opengear,opengear im4216 infrastructure manager,0.70,REFERENCE_MANUFACTURER_MATCH,https://opengear.com/products
Opengear IM7200 Infrastructure Manager,opengear im7200 infrastructure manager,UNKNOWN,opengear im7200 infrastructure manager,UNKNOWN,LOCAL_RULESET,opengear im7200 infrastructure manager,NOT_CHECKED,0.35,NO_CHANGE,CONFIDENCE_LOW,False,Opengear IM7200 Infrastructure Manager,Opengear,opengear im7200 infrastructure manager,0.70,REFERENCE_MANUFACTURER_MATCH,https://opengear.com/products
Opengear IM7248-2-DAC-LMV-US,opengear im7248-2-dac-lmv-us,UNKNOWN,opengear im7248-2-dac-lmv-us,UNKNOWN,LOCAL_RULESET,opengear im7248-2-dac-lmv-us,NOT_CHECKED,0.35,NO_CHANGE,CONFIDENCE_LOW,False,Opengear IM7248-2-DAC-LMV-US,Opengear,opengear im7248-2-dac-lmv-us,0.70,REFERENCE_MANUFACTURER_MATCH,https://opengear.com/products
Opengear OM2224-24E-L-UK,opengear om2224-24e-l-uk,UNKNOWN,opengear om2224-24e-l-uk,UNKNOWN,LOCAL_RULESET,opengear om2224-24e-l-uk,NOT_CHECKED,0.35,NO_CHANGE,CONFIDENCE_LOW,False,Opengear OM2224-24E-L-UK,Opengear,opengear om2224-24e-l-uk,0.70,REFERENCE_MANUFACTURER_MATCH,https://opengear.com/products
OPNET TECHNOLOGIES AL DIRECTOR 100,opnet technologies al director 100,UNKNOWN,opnet technologies al director,100,LOCAL_RULESET,opnet technologies al director,NOT_CHECKED,0.55,SUGGEST_ONLY,CONFIDENCE_MEDIUM,False,OPNET TECHNOLOGIES AL DIRECTOR 100,UNKNOWN,opnet technologies al director,0.00,NO_AI_ACTION,AGENT_VENDOR_MODEL
Oracle 6350,oracle 6350,Oracle,UNKNOWN,6350,https://www.oracle.com/servers-storage/,,NOT_CHECKED,0.55,SUGGEST_ONLY,CONFIDENCE_MEDIUM,False,Oracle 6350,Oracle,UNKNOWN,0.00,NO_AI_ACTION,AGENT_VENDOR_MODEL
Oracle Acme Packet 3820,oracle acme packet 3820,Oracle,acme packet,3820,https://www.oracle.com/servers-storage/,,NOT_CHECKED,1.00,APPLY_CHANGE,CONFIDENCE_HIGH,True,acme packet,Oracle,acme packet,0.70,NO_AI_ACTION,AGENT_VENDOR_MODEL
Oracle Acme Packet 4600,oracle acme packet 4600,Oracle,acme packet,4600,https://www.oracle.com/servers-storage/,,NOT_CHECKED,1.00,APPLY_CHANGE,CONFIDENCE_HIGH,True,acme packet,Oracle,acme packet,0.70,NO_AI_ACTION,AGENT_VENDOR_MODEL
Oracle Fire X4100 Server,oracle fire x4100 server,Oracle,fire x4100,UNKNOWN,https://www.oracle.com/servers-storage/,,NOT_CHECKED,0.80,SUGGEST_ONLY,CONFIDENCE_MEDIUM,False,Oracle Fire X4100 Server,Oracle,fire x4100,0.70,NO_AI_ACTION,AGENT_VENDOR_MODEL
Oracle Sun Fire X4270 M2,oracle sun fire x4270 m2,Oracle,sun fire x4270 m2,UNKNOWN,https://www.oracle.com/servers-storage/,,NOT_CHECKED,0.80,SUGGEST_ONLY,CONFIDENCE_MEDIUM,False,Oracle Sun Fire X4270 M2,Oracle,sun fire x4270 m2,0.70,NO_AI_ACTION,AGENT_VENDOR_MODEL
Oracle Sun X4-2L,oracle sun x4-2l,Oracle,sun x4-2l,UNKNOWN,https://www.oracle.com/servers-storage/,,NOT_CHECKED,0.80,SUGGEST_ONLY,CONFIDENCE_MEDIUM,False,Oracle Sun X4-2L,Oracle,sun x4-2l,0.70,NO_AI_ACTION,AGENT_VENDOR_MODEL
Oracle ZFS Storage ZS3-2,oracle zfs storage zs3-2,Oracle,zfs zs3-2,UNKNOWN,https://www.oracle.com/servers-storage/,,NOT_CHECKED,0.80,SUGGEST_ONLY,CONFIDENCE_MEDIUM,False,Oracle ZFS Storage ZS3-2,Oracle,zfs zs3-2,0.70,NO_AI_ACTION,AGENT_VENDOR_MODEL
Palo Alto Networks ION 1200-S-C5G-WW,palo alto networks ion 1200-s-c5g-ww,Palo Alto Networks,network security - products solutions resources get started search all tech docs close search mo,1200-S,https://www.paloaltonetworks.com/network-security,network security - palo alto networks products solutions resources get started search all tech docs close search mo,NOT_CHECKED,1.00,APPLY_CHANGE,CONFIDENCE_HIGH,True,network security - products solutions resources get started search all tech docs close search mo,Palo Alto Networks,ion -c5g-ww,0.70,NO_AI_ACTION,AGENT_VENDOR_MODEL
Palo Alto Networks Ion 9000,palo alto networks ion 9000,Palo Alto Networks,network security - products solutions resources get started search all tech docs close search modal if it s ai conne,9000,https://www.paloaltonetworks.com/network-security,network security - palo alto networks products solutions resources get started search all tech docs close search modal if it s ai conne,NOT_CHECKED,1.00,APPLY_CHANGE,CONFIDENCE_HIGH,True,network security - products solutions resources get started search all tech docs close search modal if it s ai conne,Palo Alto Networks,ion,0.70,NO_AI_ACTION,AGENT_VENDOR_MODEL
PALO ALTO NETWORKS M-100,palo alto networks m-100,Palo Alto Networks,networks announces certificate lifecycle solution read the press release quantum-safe summit secure today ready for tomorrow register now quantum-safe ai-driven,100,https://www.paloaltonetworks.com/network-security, networks announces certificate lifecycle solution read the press release quantum-safe summit secure today ready for tomorrow register now quantum-safe ai-driven ,NOT_CHECKED,1.00,APPLY_CHANGE,CONFIDENCE_HIGH,True,networks announces certificate lifecycle solution read the press release quantum-safe summit secure today ready for tomorrow register now quantum-safe ai-driven,Palo Alto Networks,m-,0.70,NO_AI_ACTION,AGENT_VENDOR_MODEL
Palo Alto Networks M-500,palo alto networks m-500,Palo Alto Networks,networks announces certificate lifecycle solution read the press release quantum-safe summit secure today ready for tomorrow register now quantum-safe ai-driven,500,https://www.paloaltonetworks.com/network-security, networks announces certificate lifecycle solution read the press release quantum-safe summit secure today ready for tomorrow register now quantum-safe ai-driven ,NOT_CHECKED,1.00,APPLY_CHANGE,CONFIDENCE_HIGH,True,networks announces certificate lifecycle solution read the press release quantum-safe summit secure today ready for tomorrow register now quantum-safe ai-driven,Palo Alto Networks,m-,0.70,NO_AI_ACTION,AGENT_VENDOR_MODEL
Palo Alto Networks PA-3020,palo alto networks pa-3020,Palo Alto Networks,UNKNOWN,PA-3020,https://www.paloaltonetworks.com/network-security,,REJECTED:NO_EVIDENCE,0.55,SUGGEST_ONLY,CONFIDENCE_MEDIUM,False,Palo Alto Networks PA-3020,Palo Alto Networks,UNKNOWN,0.00,NO_AI_ACTION,AGENT_VENDOR_MODEL
Palo Alto Networks PA-3050,palo alto networks pa-3050,Palo Alto Networks,UNKNOWN,PA-3050,https://www.paloaltonetworks.com/network-security,,REJECTED:NO_EVIDENCE,0.55,SUGGEST_ONLY,CONFIDENCE_MEDIUM,False,Palo Alto Networks PA-3050,Palo Alto Networks,UNKNOWN,0.00,NO_AI_ACTION,AGENT_VENDOR_MODEL
Palo Alto Networks PA-3060,palo alto networks pa-3060,Palo Alto Networks,UNKNOWN,PA-3060,https://www.paloaltonetworks.com/network-security,,REJECTED:NO_EVIDENCE,0.55,SUGGEST_ONLY,CONFIDENCE_MEDIUM,False,Palo Alto Networks PA-3060,Palo Alto Networks,UNKNOWN,0.00,NO_AI_ACTION,AGENT_VENDOR_MODEL
Palo Alto Networks PA-3220,palo alto networks pa-3220,Palo Alto Networks,UNKNOWN,PA-3220,https://www.paloaltonetworks.com/network-security,,REJECTED:NO_EVIDENCE,0.55,SUGGEST_ONLY,CONFIDENCE_MEDIUM,False,Palo Alto Networks PA-3220,Palo Alto Networks,UNKNOWN,0.00,NO_AI_ACTION,AGENT_VENDOR_MODEL
Palo Alto Networks PA-3410,palo alto networks pa-3410,Palo Alto Networks,UNKNOWN,PA-3410,https://www.paloaltonetworks.com/network-security,,REJECTED:NO_EVIDENCE,0.55,SUGGEST_ONLY,CONFIDENCE_MEDIUM,False,Palo Alto Networks PA-3410,Palo Alto Networks,UNKNOWN,0.00,NO_AI_ACTION,AGENT_VENDOR_MODEL
Palo Alto Networks PA-3420,palo alto networks pa-3420,Palo Alto Networks,UNKNOWN,PA-3420,https://www.paloaltonetworks.com/network-security,,REJECTED:NO_EVIDENCE,0.55,SUGGEST_ONLY,CONFIDENCE_MEDIUM,False,Palo Alto Networks PA-3420,Palo Alto Networks,UNKNOWN,0.00,NO_AI_ACTION,AGENT_VENDOR_MODEL
Palo Alto Networks PA-3430,palo alto networks pa-3430,Palo Alto Networks,UNKNOWN,PA-3430,https://www.paloaltonetworks.com/network-security,,REJECTED:NO_EVIDENCE,0.55,SUGGEST_ONLY,CONFIDENCE_MEDIUM,False,Palo Alto Networks PA-3430,Palo Alto Networks,UNKNOWN,0.00,NO_AI_ACTION,AGENT_VENDOR_MODEL
Palo Alto Networks PA-3440,palo alto networks pa-3440,Palo Alto Networks,UNKNOWN,PA-3440,https://www.paloaltonetworks.com/network-security,,REJECTED:NO_EVIDENCE,0.55,SUGGEST_ONLY,CONFIDENCE_MEDIUM,False,Palo Alto Networks PA-3440,Palo Alto Networks,UNKNOWN,0.00,NO_AI_ACTION,AGENT_VENDOR_MODEL
PALO ALTO NETWORKS PA-500,palo alto networks pa-500,Palo Alto Networks,UNKNOWN,PA-500,https://www.paloaltonetworks.com/network-security,,REJECTED:NO_EVIDENCE,0.55,SUGGEST_ONLY,CONFIDENCE_MEDIUM,False,PALO ALTO NETWORKS PA-500,Palo Alto Networks,UNKNOWN,0.00,NO_AI_ACTION,AGENT_VENDOR_MODEL
Palo Alto Networks PA-5020,palo alto networks pa-5020,Palo Alto Networks,UNKNOWN,PA-5020,https://www.paloaltonetworks.com/network-security,,REJECTED:NO_EVIDENCE,0.55,SUGGEST_ONLY,CONFIDENCE_MEDIUM,False,Palo Alto Networks PA-5020,Palo Alto Networks,UNKNOWN,0.00,NO_AI_ACTION,AGENT_VENDOR_MODEL
Palo Alto Networks PA-5050,palo alto networks pa-5050,Palo Alto Networks,UNKNOWN,PA-5050,https://www.paloaltonetworks.com/network-security,,REJECTED:NO_EVIDENCE,0.55,SUGGEST_ONLY,CONFIDENCE_MEDIUM,False,Palo Alto Networks PA-5050,Palo Alto Networks,UNKNOWN,0.00,NO_AI_ACTION,AGENT_VENDOR_MODEL
PALO ALTO NETWORKS PA-5060,palo alto networks pa-5060,Palo Alto Networks,UNKNOWN,PA-5060,https://www.paloaltonetworks.com/network-security,,REJECTED:NO_EVIDENCE,0.55,SUGGEST_ONLY,CONFIDENCE_MEDIUM,False,PALO ALTO NETWORKS PA-5060,Palo Alto Networks,UNKNOWN,0.00,NO_AI_ACTION,AGENT_VENDOR_MODEL
Palo Alto Networks PA-5220,palo alto networks pa-5220,Palo Alto Networks,UNKNOWN,PA-5220,https://www.paloaltonetworks.com/network-security,,REJECTED:NO_EVIDENCE,0.55,SUGGEST_ONLY,CONFIDENCE_MEDIUM,False,Palo Alto Networks PA-5220,Palo Alto Networks,UNKNOWN,0.00,NO_AI_ACTION,AGENT_VENDOR_MODEL
Palo Alto Networks PA-5250,palo alto networks pa-5250,Palo Alto Networks,UNKNOWN,PA-5250,https://www.paloaltonetworks.com/network-security,,REJECTED:NO_EVIDENCE,0.55,SUGGEST_ONLY,CONFIDENCE_MEDIUM,False,Palo Alto Networks PA-5250,Palo Alto Networks,UNKNOWN,0.00,NO_AI_ACTION,AGENT_VENDOR_MODEL
Palo Alto Networks PA-5260,palo alto networks pa-5260,Palo Alto Networks,UNKNOWN,PA-5260,https://www.paloaltonetworks.com/network-security,,REJECTED:NO_EVIDENCE,0.55,SUGGEST_ONLY,CONFIDENCE_MEDIUM,False,Palo Alto Networks PA-5260,Palo Alto Networks,UNKNOWN,0.00,NO_AI_ACTION,AGENT_VENDOR_MODEL
Palo Alto Networks PA-5410,palo alto networks pa-5410,Palo Alto Networks,UNKNOWN,PA-5410,https://www.paloaltonetworks.com/network-security,,REJECTED:NO_EVIDENCE,0.55,SUGGEST_ONLY,CONFIDENCE_MEDIUM,False,Palo Alto Networks PA-5410,Palo Alto Networks,UNKNOWN,0.00,NO_AI_ACTION,AGENT_VENDOR_MODEL
Palo Alto Networks PA-5420,palo alto networks pa-5420,Palo Alto Networks,UNKNOWN,PA-5420,https://www.paloaltonetworks.com/network-security,,REJECTED:NO_EVIDENCE,0.55,SUGGEST_ONLY,CONFIDENCE_MEDIUM,False,Palo Alto Networks PA-5420,Palo Alto Networks,UNKNOWN,0.00,NO_AI_ACTION,AGENT_VENDOR_MODEL
Palo Alto Networks PA-5430,palo alto networks pa-5430,Palo Alto Networks,UNKNOWN,PA-5430,https://www.paloaltonetworks.com/network-security,,REJECTED:NO_EVIDENCE,0.55,SUGGEST_ONLY,CONFIDENCE_MEDIUM,False,Palo Alto Networks PA-5430,Palo Alto Networks,UNKNOWN,0.00,NO_AI_ACTION,AGENT_VENDOR_MODEL
Palo Alto Networks PA-5450,palo alto networks pa-5450,Palo Alto Networks,UNKNOWN,PA-5450,https://www.paloaltonetworks.com/network-security,,REJECTED:NO_EVIDENCE,0.55,SUGGEST_ONLY,CONFIDENCE_MEDIUM,False,Palo Alto Networks PA-5450,Palo Alto Networks,UNKNOWN,0.00,NO_AI_ACTION,AGENT_VENDOR_MODEL
Palo Alto Networks PA-820,palo alto networks pa-820,Palo Alto Networks,UNKNOWN,PA-820,https://www.paloaltonetworks.com/network-security,,REJECTED:NO_EVIDENCE,0.55,SUGGEST_ONLY,CONFIDENCE_MEDIUM,False,Palo Alto Networks PA-820,Palo Alto Networks,UNKNOWN,0.00,NO_AI_ACTION,AGENT_VENDOR_MODEL
Palo Alto Networks PA-850,palo alto networks pa-850,Palo Alto Networks,UNKNOWN,PA-850,https://www.paloaltonetworks.com/network-security,,REJECTED:NO_EVIDENCE,0.55,SUGGEST_ONLY,CONFIDENCE_MEDIUM,False,Palo Alto Networks PA-850,Palo Alto Networks,UNKNOWN,0.00,NO_AI_ACTION,AGENT_VENDOR_MODEL
Panduit Eagle-I,panduit eagle-i,UNKNOWN,panduit eagle-i,UNKNOWN,LOCAL_RULESET,panduit eagle-i,NOT_CHECKED,0.35,NO_CHANGE,CONFIDENCE_LOW,False,Panduit Eagle-I,Panduit,panduit eagle-i,0.70,REFERENCE_MANUFACTURER_MATCH,https://www.panduit.com/en/home.html
Panduit Hawk-I,panduit hawk-i,UNKNOWN,panduit hawk-i,UNKNOWN,LOCAL_RULESET,panduit hawk-i,NOT_CHECKED,0.35,NO_CHANGE,CONFIDENCE_LOW,False,Panduit Hawk-I,Panduit,panduit hawk-i,0.70,REFERENCE_MANUFACTURER_MATCH,https://www.panduit.com/en/home.html
POLYCOM ACCESS DIRECTOR,polycom access director,UNKNOWN,polycom access director,UNKNOWN,LOCAL_RULESET,polycom access director,NOT_CHECKED,0.35,NO_CHANGE,CONFIDENCE_LOW,False,POLYCOM ACCESS DIRECTOR,UNKNOWN,polycom access director,0.00,NO_AI_ACTION,AGENT_VENDOR_MODEL
POLYCOM CMA 4000,polycom cma 4000,UNKNOWN,polycom cma,4000,LOCAL_RULESET,polycom cma,NOT_CHECKED,0.55,SUGGEST_ONLY,CONFIDENCE_MEDIUM,False,POLYCOM CMA 4000,UNKNOWN,polycom cma,0.00,NO_AI_ACTION,AGENT_VENDOR_MODEL
Polycom DMA 7000,polycom dma 7000,UNKNOWN,polycom dma,7000,LOCAL_RULESET,polycom dma,NOT_CHECKED,0.55,SUGGEST_ONLY,CONFIDENCE_MEDIUM,False,Polycom DMA 7000,UNKNOWN,polycom dma,0.00,NO_AI_ACTION,AGENT_VENDOR_MODEL
POLYCOM RMX 2000,polycom rmx 2000,UNKNOWN,polycom rmx,2000,LOCAL_RULESET,polycom rmx,NOT_CHECKED,0.55,SUGGEST_ONLY,CONFIDENCE_MEDIUM,False,POLYCOM RMX 2000,UNKNOWN,polycom rmx,0.00,NO_AI_ACTION,AGENT_VENDOR_MODEL
Polycom RPCS 1830,polycom rpcs 1830,UNKNOWN,polycom rpcs,1830,LOCAL_RULESET,polycom rpcs,NOT_CHECKED,0.55,SUGGEST_ONLY,CONFIDENCE_MEDIUM,False,Polycom RPCS 1830,UNKNOWN,polycom rpcs,0.00,NO_AI_ACTION,AGENT_VENDOR_MODEL
Procera PacketLogic PL8840,procera packetlogic pl8840,UNKNOWN,procera packetlogic pl8840,UNKNOWN,LOCAL_RULESET,procera packetlogic pl8840,NOT_CHECKED,0.35,NO_CHANGE,CONFIDENCE_LOW,False,Procera PacketLogic PL8840,UNKNOWN,procera packetlogic pl8840,0.00,NO_AI_ACTION,AGENT_VENDOR_MODEL
Procera Procera Server,procera procera server,UNKNOWN,procera procera,UNKNOWN,LOCAL_RULESET,procera procera,NOT_CHECKED,0.35,NO_CHANGE,CONFIDENCE_LOW,False,Procera Procera Server,UNKNOWN,procera procera,0.00,NO_AI_ACTION,AGENT_VENDOR_MODEL
PROTEGO NETWORKS MARS-50,protego networks mars-50,UNKNOWN,protego networks mars-50,UNKNOWN,LOCAL_RULESET,protego networks mars-50,NOT_CHECKED,0.35,NO_CHANGE,CONFIDENCE_LOW,False,PROTEGO NETWORKS MARS-50,UNKNOWN,protego networks mars-50,0.00,NO_AI_ACTION,AGENT_VENDOR_MODEL
Pure Storage FA-X20R3,pure storage fa-x20r3,UNKNOWN,pure fa-x20r3,UNKNOWN,LOCAL_RULESET,pure fa-x20r3,NOT_CHECKED,0.35,NO_CHANGE,CONFIDENCE_LOW,False,Pure Storage FA-X20R3,UNKNOWN,pure fa-x20r3,0.00,NO_AI_ACTION,AGENT_VENDOR_MODEL
Qnap QNAP 1U,qnap qnap 1u,Qnap,1u,UNKNOWN,https://www.qnap.com/en-us/,,NOT_CHECKED,0.80,SUGGEST_ONLY,CONFIDENCE_MEDIUM,False,Qnap QNAP 1U,Qnap,1u,0.70,NO_AI_ACTION,AGENT_VENDOR_MODEL
Qnap QNAP 2U,qnap qnap 2u,Qnap,he best enterprise surveillance solution connect expansion units qxp-40g2uc qxp- qxp-830s-3808 view all customize drive usage qda-ump4a qda-ump4,1630S-3816,https://www.qnap.com/en-us/,he best enterprise surveillance solution connect storage expansion units qxp-40g2uc qxp-1630s-3816 qxp-830s-3808 view all customize drive usage qda-ump4a qda-ump4,NOT_CHECKED,1.00,APPLY_CHANGE,CONFIDENCE_HIGH,True,he best enterprise surveillance solution connect expansion units qxp-40g2uc qxp- qxp-830s-3808 view all customize drive usage qda-ump4a qda-ump4,Qnap,2u,0.70,NO_AI_ACTION,AGENT_VENDOR_MODEL
Qnap QNAP REXP-1600U-RP,qnap qnap rexp-1600u-rp,Qnap,rexp-,1600U-RP,https://www.qnap.com/en-us/,,NOT_CHECKED,1.00,APPLY_CHANGE,CONFIDENCE_HIGH,True,rexp-,Qnap,rexp-,0.70,NO_AI_ACTION,AGENT_VENDOR_MODEL
Qnap QNAP TS-EC2480U-RP Turbo NAS,qnap qnap ts-ec2480u-rp turbo nas,Qnap,networking surveillance expansion accessory dual-controller nas es2486afdc new es1686dc r2 es2486dc view all all-flash nas,UNKNOWN,https://www.qnap.com/en-us/,networking surveillance expansion accessory dual-controller nas es2486afdc new es1686dc r2 es2486dc view all all-flash nas ,NOT_CHECKED,0.86,APPLY_CHANGE,CONFIDENCE_HIGH,True,networking surveillance expansion accessory dual-controller nas es2486afdc new es1686dc r2 es2486dc view all all-flash nas,Qnap,ts-ec2480u-rp turbo nas,0.70,NO_AI_ACTION,AGENT_VENDOR_MODEL
QUALYS QGSA-2120-D2,qualys qgsa-2120-d2,UNKNOWN,qualys qgsa-,2120-D2,LOCAL_RULESET,qualys qgsa-,NOT_CHECKED,0.55,SUGGEST_ONLY,CONFIDENCE_MEDIUM,False,QUALYS QGSA-2120-D2,UNKNOWN,qualys qgsa-,0.00,NO_AI_ACTION,AGENT_VENDOR_MODEL
Quanta Computer T1048-LB9A,quanta computer t1048-lb9a,UNKNOWN,quanta computer t1048-lb9a,UNKNOWN,LOCAL_RULESET,quanta computer t1048-lb9a,NOT_CHECKED,0.35,NO_CHANGE,CONFIDENCE_LOW,False,Quanta Computer T1048-LB9A,UNKNOWN,quanta computer t1048-lb9a,0.00,NO_AI_ACTION,AGENT_VENDOR_MODEL
QUANTEL 113,quantel 113,UNKNOWN,quantel,113,LOCAL_RULESET,quantel,NOT_CHECKED,0.55,SUGGEST_ONLY,CONFIDENCE_MEDIUM,False,QUANTEL 113,UNKNOWN,quantel,0.00,NO_AI_ACTION,AGENT_VENDOR_MODEL
QUANTEL 116-7,quantel 116-7,UNKNOWN,quantel,116-7,LOCAL_RULESET,quantel,NOT_CHECKED,0.55,SUGGEST_ONLY,CONFIDENCE_MEDIUM,False,QUANTEL 116-7,UNKNOWN,quantel,0.00,NO_AI_ACTION,AGENT_VENDOR_MODEL
QUANTEL SQ SERVER,quantel sq server,UNKNOWN,quantel sq,UNKNOWN,LOCAL_RULESET,quantel sq,NOT_CHECKED,0.35,NO_CHANGE,CONFIDENCE_LOW,False,QUANTEL SQ SERVER,UNKNOWN,quantel sq,0.00,NO_AI_ACTION,AGENT_VENDOR_MODEL
QUANTEL Video Server,quantel video server,UNKNOWN,quantel video,UNKNOWN,LOCAL_RULESET,quantel video,NOT_CHECKED,0.35,NO_CHANGE,CONFIDENCE_LOW,False,QUANTEL Video Server,UNKNOWN,quantel video,0.00,NO_AI_ACTION,AGENT_VENDOR_MODEL
Radware Defensepro 20,radware defensepro 20,UNKNOWN,radware defensepro 20,UNKNOWN,LOCAL_RULESET,radware defensepro 20,NOT_CHECKED,0.35,NO_CHANGE,CONFIDENCE_LOW,False,Radware Defensepro 20,Radware,radware defensepro 20,0.70,REFERENCE_MANUFACTURER_MATCH,https://www.radware.com/products
Raritan COMMANDCENTER,raritan commandcenter,UNKNOWN,raritan commandcenter,UNKNOWN,LOCAL_RULESET,raritan commandcenter,NOT_CHECKED,0.35,NO_CHANGE,CONFIDENCE_LOW,False,Raritan COMMANDCENTER,Raritan,raritan commandcenter,0.70,REFERENCE_MANUFACTURER_MATCH,https://www.raritan.com/products
Raritan CommandCenter - CC-SG-V1,raritan commandcenter - cc-sg-v1,UNKNOWN,raritan commandcenter - cc-sg-v1,UNKNOWN,LOCAL_RULESET,raritan commandcenter - cc-sg-v1,NOT_CHECKED,0.35,NO_CHANGE,CONFIDENCE_LOW,False,Raritan CommandCenter - CC-SG-V1,Raritan,raritan commandcenter - cc-sg-v1,0.70,REFERENCE_MANUFACTURER_MATCH,https://www.raritan.com/products
Raritan DOMINION KX2-216,raritan dominion kx2-216,UNKNOWN,raritan dominion kx2-,216,LOCAL_RULESET,raritan dominion kx2-,NOT_CHECKED,0.55,SUGGEST_ONLY,CONFIDENCE_MEDIUM,False,Raritan DOMINION KX2-216,Raritan,raritan dominion kx2-,0.70,REFERENCE_MANUFACTURER_MATCH,https://www.raritan.com/products
Raritan DOMINION KX2-232,raritan dominion kx2-232,UNKNOWN,raritan dominion kx2-,232,LOCAL_RULESET,raritan dominion kx2-,NOT_CHECKED,0.55,SUGGEST_ONLY,CONFIDENCE_MEDIUM,False,Raritan DOMINION KX2-232,Raritan,raritan dominion kx2-,0.70,REFERENCE_MANUFACTURER_MATCH,https://www.raritan.com/products
Raritan DOMINION KX432,raritan dominion kx432,UNKNOWN,raritan dominion kx432,UNKNOWN,LOCAL_RULESET,raritan dominion kx432,NOT_CHECKED,0.35,NO_CHANGE,CONFIDENCE_LOW,False,Raritan DOMINION KX432,Raritan,raritan dominion kx432,0.70,REFERENCE_MANUFACTURER_MATCH,https://www.raritan.com/products
Raritan Dominion Sx 32,raritan dominion sx 32,UNKNOWN,raritan dominion sx 32,UNKNOWN,LOCAL_RULESET,raritan dominion sx 32,NOT_CHECKED,0.35,NO_CHANGE,CONFIDENCE_LOW,False,Raritan Dominion Sx 32,Raritan,raritan dominion sx 32,0.70,REFERENCE_MANUFACTURER_MATCH,https://www.raritan.com/products
Raritan DOMINION SX16,raritan dominion sx16,UNKNOWN,raritan dominion sx16,UNKNOWN,LOCAL_RULESET,raritan dominion sx16,NOT_CHECKED,0.35,NO_CHANGE,CONFIDENCE_LOW,False,Raritan DOMINION SX16,Raritan,raritan dominion sx16,0.70,REFERENCE_MANUFACTURER_MATCH,https://www.raritan.com/products
Raritan DOMINION SX32,raritan dominion sx32,UNKNOWN,raritan dominion sx32,UNKNOWN,LOCAL_RULESET,raritan dominion sx32,NOT_CHECKED,0.35,NO_CHANGE,CONFIDENCE_LOW,False,Raritan DOMINION SX32,Raritan,raritan dominion sx32,0.70,REFERENCE_MANUFACTURER_MATCH,https://www.raritan.com/products
Raritan KX2-232,raritan kx2-232,UNKNOWN,raritan kx2-,232,LOCAL_RULESET,raritan kx2-,NOT_CHECKED,0.55,SUGGEST_ONLY,CONFIDENCE_MEDIUM,False,Raritan KX2-232,Raritan,raritan kx2-,0.70,REFERENCE_MANUFACTURER_MATCH,https://www.raritan.com/products
RSA RSA-80010510,rsa rsa-80010510,UNKNOWN,rsa rsa-80010510,UNKNOWN,LOCAL_RULESET,rsa rsa-80010510,NOT_CHECKED,0.35,NO_CHANGE,CONFIDENCE_LOW,False,RSA RSA-80010510,UNKNOWN,rsa rsa-80010510,0.00,NO_AI_ACTION,AGENT_VENDOR_MODEL
RSA SecurID Appliance 250,rsa securid appliance 250,UNKNOWN,rsa securid,250,LOCAL_RULESET,rsa securid,NOT_CHECKED,0.55,SUGGEST_ONLY,CONFIDENCE_MEDIUM,False,RSA SecurID Appliance 250,UNKNOWN,rsa securid,0.00,NO_AI_ACTION,AGENT_VENDOR_MODEL
Rubrik R6408S,rubrik r6408s,UNKNOWN,rubrik r6408s,UNKNOWN,LOCAL_RULESET,rubrik r6408s,NOT_CHECKED,0.35,NO_CHANGE,CONFIDENCE_LOW,False,Rubrik R6408S,UNKNOWN,rubrik r6408s,0.00,NO_AI_ACTION,AGENT_VENDOR_MODEL
Ruckus (SCG) 200,ruckus scg 200,UNKNOWN,ruckus scg,200,LOCAL_RULESET,ruckus scg,NOT_CHECKED,0.55,SUGGEST_ONLY,CONFIDENCE_MEDIUM,False,Ruckus (SCG) 200,Ruckus,ruckus scg,0.70,REFERENCE_MANUFACTURER_MATCH,https://www.commscope.com/ruckus/
Ruckus Zone Director 3000,ruckus zone director 3000,UNKNOWN,ruckus zone director,3000,LOCAL_RULESET,ruckus zone director,NOT_CHECKED,0.55,SUGGEST_ONLY,CONFIDENCE_MEDIUM,False,Ruckus Zone Director 3000,Ruckus,ruckus zone director,0.70,REFERENCE_MANUFACTURER_MATCH,https://www.commscope.com/ruckus/
Safenet Luna SA HSM,safenet luna sa hsm,UNKNOWN,safenet luna sa hsm,UNKNOWN,LOCAL_RULESET,safenet luna sa hsm,NOT_CHECKED,0.35,NO_CHANGE,CONFIDENCE_LOW,False,Safenet Luna SA HSM,UNKNOWN,safenet luna sa hsm,0.00,NO_AI_ACTION,AGENT_VENDOR_MODEL
Sandvine Pts22000,sandvine pts22000,UNKNOWN,sandvine pts22000,UNKNOWN,LOCAL_RULESET,sandvine pts22000,NOT_CHECKED,0.35,NO_CHANGE,CONFIDENCE_LOW,False,Sandvine Pts22000,UNKNOWN,sandvine pts22000,0.00,NO_AI_ACTION,AGENT_VENDOR_MODEL
Sanmina BSP-26,sanmina bsp-26,UNKNOWN,sanmina bsp-26,UNKNOWN,LOCAL_RULESET,sanmina bsp-26,NOT_CHECKED,0.35,NO_CHANGE,CONFIDENCE_LOW,False,Sanmina BSP-26,UNKNOWN,sanmina bsp-26,0.00,NO_AI_ACTION,AGENT_VENDOR_MODEL
SEAGATE RealStor 5005,seagate realstor 5005,UNKNOWN,seagate realstor,5005,LOCAL_RULESET,seagate realstor,NOT_CHECKED,0.55,SUGGEST_ONLY,CONFIDENCE_MEDIUM,False,SEAGATE RealStor 5005,UNKNOWN,seagate realstor,0.00,NO_AI_ACTION,AGENT_VENDOR_MODEL
Sencore DMG 4200,sencore dmg 4200,UNKNOWN,sencore dmg,4200,LOCAL_RULESET,sencore dmg,NOT_CHECKED,0.55,SUGGEST_ONLY,CONFIDENCE_MEDIUM,False,Sencore DMG 4200,UNKNOWN,sencore dmg,0.00,NO_AI_ACTION,AGENT_VENDOR_MODEL
Senetas CN6010 SafeNet,senetas cn6010 safenet,UNKNOWN,senetas cn6010 safenet,UNKNOWN,LOCAL_RULESET,senetas cn6010 safenet,NOT_CHECKED,0.35,NO_CHANGE,CONFIDENCE_LOW,False,Senetas CN6010 SafeNet,UNKNOWN,senetas cn6010 safenet,0.00,NO_AI_ACTION,AGENT_VENDOR_MODEL
Sevone DNC 100,sevone dnc 100,UNKNOWN,sevone dnc,100,LOCAL_RULESET,sevone dnc,NOT_CHECKED,0.55,SUGGEST_ONLY,CONFIDENCE_MEDIUM,False,Sevone DNC 100,UNKNOWN,sevone dnc,0.00,NO_AI_ACTION,AGENT_VENDOR_MODEL
Sevone DNC 1000HF,sevone dnc 1000hf,UNKNOWN,sevone dnc 1000hf,UNKNOWN,LOCAL_RULESET,sevone dnc 1000hf,NOT_CHECKED,0.35,NO_CHANGE,CONFIDENCE_LOW,False,Sevone DNC 1000HF,UNKNOWN,sevone dnc 1000hf,0.00,NO_AI_ACTION,AGENT_VENDOR_MODEL
Sevone HSA 200k,sevone hsa 200k,UNKNOWN,sevone hsa,200K,LOCAL_RULESET,sevone hsa,NOT_CHECKED,0.55,SUGGEST_ONLY,CONFIDENCE_MEDIUM,False,Sevone HSA 200k,UNKNOWN,sevone hsa,0.00,NO_AI_ACTION,AGENT_VENDOR_MODEL
SevOne PAS 200k,sevone pas 200k,UNKNOWN,sevone pas,200K,LOCAL_RULESET,sevone pas,NOT_CHECKED,0.55,SUGGEST_ONLY,CONFIDENCE_MEDIUM,False,SevOne PAS 200k,UNKNOWN,sevone pas,0.00,NO_AI_ACTION,AGENT_VENDOR_MODEL
Sevone PAS 200k M2,sevone pas 200k m2,UNKNOWN,sevone pas m2,200K,LOCAL_RULESET,sevone pas m2,NOT_CHECKED,0.55,SUGGEST_ONLY,CONFIDENCE_MEDIUM,False,Sevone PAS 200k M2,UNKNOWN,sevone pas m2,0.00,NO_AI_ACTION,AGENT_VENDOR_MODEL
Sinetica Hawk-I,sinetica hawk-i,UNKNOWN,sinetica hawk-i,UNKNOWN,LOCAL_RULESET,sinetica hawk-i,NOT_CHECKED,0.35,NO_CHANGE,CONFIDENCE_LOW,False,Sinetica Hawk-I,UNKNOWN,sinetica hawk-i,0.00,NO_AI_ACTION,AGENT_VENDOR_MODEL
SINETICA ZAEI-01,sinetica zaei-01,UNKNOWN,sinetica zaei-01,UNKNOWN,LOCAL_RULESET,sinetica zaei-01,NOT_CHECKED,0.35,NO_CHANGE,CONFIDENCE_LOW,False,SINETICA ZAEI-01,UNKNOWN,sinetica zaei-01,0.00,NO_AI_ACTION,AGENT_VENDOR_MODEL
SUN ENTERPRISE M3000,sun enterprise m3000,Oracle Sun,enterprise m3000,UNKNOWN,https://www.oracle.com/servers-storage/,,NOT_CHECKED,0.80,SUGGEST_ONLY,CONFIDENCE_MEDIUM,False,SUN ENTERPRISE M3000,Oracle Sun,enterprise m3000,0.70,NO_AI_ACTION,AGENT_VENDOR_MODEL
SUN ENTERPRISE T5120,sun enterprise t5120,Oracle Sun,enterprise t5120,UNKNOWN,https://www.oracle.com/servers-storage/,,NOT_CHECKED,0.80,SUGGEST_ONLY,CONFIDENCE_MEDIUM,False,SUN ENTERPRISE T5120,Oracle Sun,enterprise t5120,0.70,NO_AI_ACTION,AGENT_VENDOR_MODEL
SUN ENTERPRISE T5220,sun enterprise t5220,Oracle Sun,enterprise t5220,UNKNOWN,https://www.oracle.com/servers-storage/,,NOT_CHECKED,0.80,SUGGEST_ONLY,CONFIDENCE_MEDIUM,False,SUN ENTERPRISE T5220,Oracle Sun,enterprise t5220,0.70,NO_AI_ACTION,AGENT_VENDOR_MODEL
SUN ENTERPRISE T5240,sun enterprise t5240,Oracle Sun,enterprise t5240,UNKNOWN,https://www.oracle.com/servers-storage/,,NOT_CHECKED,0.80,SUGGEST_ONLY,CONFIDENCE_MEDIUM,False,SUN ENTERPRISE T5240,Oracle Sun,enterprise t5240,0.70,NO_AI_ACTION,AGENT_VENDOR_MODEL
SUN L100,sun l100,Oracle Sun,l100,UNKNOWN,https://www.oracle.com/servers-storage/,,NOT_CHECKED,0.80,SUGGEST_ONLY,CONFIDENCE_MEDIUM,False,SUN L100,Oracle Sun,l100,0.70,NO_AI_ACTION,AGENT_VENDOR_MODEL
SUN SPARC T3-1,sun sparc t3-1,Oracle Sun,sparc t3-1,UNKNOWN,https://www.oracle.com/servers-storage/,,NOT_CHECKED,0.80,SUGGEST_ONLY,CONFIDENCE_MEDIUM,False,SUN SPARC T3-1,Oracle Sun,sparc t3-1,0.70,NO_AI_ACTION,AGENT_VENDOR_MODEL
SUN SPARC T4-1,sun sparc t4-1,Oracle Sun,sparc t4-1,UNKNOWN,https://www.oracle.com/servers-storage/,,NOT_CHECKED,0.80,SUGGEST_ONLY,CONFIDENCE_MEDIUM,False,SUN SPARC T4-1,Oracle Sun,sparc t4-1,0.70,NO_AI_ACTION,AGENT_VENDOR_MODEL
Sun Storage Tek 2500 Array,sun storage tek 2500 array,Oracle Sun,tek array,2500,https://www.oracle.com/servers-storage/,,NOT_CHECKED,1.00,APPLY_CHANGE,CONFIDENCE_HIGH,True,tek array,Oracle Sun,tek array,0.70,NO_AI_ACTION,AGENT_VENDOR_MODEL
Sun Storagetek 2540,sun storagetek 2540,Oracle Sun,storagetek,2540,https://www.oracle.com/servers-storage/,,NOT_CHECKED,1.00,APPLY_CHANGE,CONFIDENCE_HIGH,True,storagetek,Oracle Sun,storagetek,0.70,NO_AI_ACTION,AGENT_VENDOR_MODEL
Sun Storagetek DAT 72 External Tape Drive,sun storagetek dat 72 external tape drive,Oracle Sun,storagetek dat 72 external tape drive,UNKNOWN,https://www.oracle.com/servers-storage/,,NOT_CHECKED,0.80,SUGGEST_ONLY,CONFIDENCE_MEDIUM,False,Sun Storagetek DAT 72 External Tape Drive,Oracle Sun,storagetek dat 72 external tape drive,0.70,NO_AI_ACTION,AGENT_VENDOR_MODEL
Sun Storedge 3320 SCSI,sun storedge 3320 scsi,Oracle Sun,storedge scsi,3320,https://www.oracle.com/servers-storage/,,NOT_CHECKED,1.00,APPLY_CHANGE,CONFIDENCE_HIGH,True,storedge scsi,Oracle Sun,storedge scsi,0.70,NO_AI_ACTION,AGENT_VENDOR_MODEL
SUN STOREDGE D1000,sun storedge d1000,Oracle Sun,storedge d1000,UNKNOWN,https://www.oracle.com/servers-storage/,,NOT_CHECKED,0.80,SUGGEST_ONLY,CONFIDENCE_MEDIUM,False,SUN STOREDGE D1000,Oracle Sun,storedge d1000,0.70,NO_AI_ACTION,AGENT_VENDOR_MODEL
SUN STOREDGE S1,sun storedge s1,Oracle Sun,storedge s1,UNKNOWN,https://www.oracle.com/servers-storage/,,NOT_CHECKED,0.80,SUGGEST_ONLY,CONFIDENCE_MEDIUM,False,SUN STOREDGE S1,Oracle Sun,storedge s1,0.70,NO_AI_ACTION,AGENT_VENDOR_MODEL
SUN STOREDGE T3,sun storedge t3,Oracle Sun,storedge t3,UNKNOWN,https://www.oracle.com/servers-storage/,,NOT_CHECKED,0.80,SUGGEST_ONLY,CONFIDENCE_MEDIUM,False,SUN STOREDGE T3,Oracle Sun,storedge t3,0.70,NO_AI_ACTION,AGENT_VENDOR_MODEL
SUN SUNFIRE T2000,sun sunfire t2000,Oracle Sun,fire t2000,UNKNOWN,https://www.oracle.com/servers-storage/,,NOT_CHECKED,0.80,SUGGEST_ONLY,CONFIDENCE_MEDIUM,False,SUN SUNFIRE T2000,Oracle Sun,fire t2000,0.70,NO_AI_ACTION,AGENT_VENDOR_MODEL
SUN T5120,sun t5120,Oracle Sun,t5120,UNKNOWN,https://www.oracle.com/servers-storage/,,NOT_CHECKED,0.80,SUGGEST_ONLY,CONFIDENCE_MEDIUM,False,SUN T5120,Oracle Sun,t5120,0.70,NO_AI_ACTION,AGENT_VENDOR_MODEL
SUN T5220,sun t5220,Oracle Sun,t5220,UNKNOWN,https://www.oracle.com/servers-storage/,,NOT_CHECKED,0.80,SUGGEST_ONLY,CONFIDENCE_MEDIUM,False,SUN T5220,Oracle Sun,t5220,0.70,NO_AI_ACTION,AGENT_VENDOR_MODEL
Super Micro CSE-216-X08,super micro cse-216-x08,Super Micro,cse-,216-X08,https://www.supermicro.com/en/products,,NOT_CHECKED,1.00,APPLY_CHANGE,CONFIDENCE_HIGH,True,cse-,Super Micro,cse-,0.70,NO_AI_ACTION,AGENT_VENDOR_MODEL
Super Micro CSE-216-X09,super micro cse-216-x09,Super Micro,cse-,216-X09,https://www.supermicro.com/en/products,,NOT_CHECKED,1.00,APPLY_CHANGE,CONFIDENCE_HIGH,True,cse-,Super Micro,cse-,0.70,NO_AI_ACTION,AGENT_VENDOR_MODEL
Super Micro CSE-216-X10,super micro cse-216-x10,Super Micro,cse-,216-X10,https://www.supermicro.com/en/products,,NOT_CHECKED,1.00,APPLY_CHANGE,CONFIDENCE_HIGH,True,cse-,Super Micro,cse-,0.70,NO_AI_ACTION,AGENT_VENDOR_MODEL
Super Micro CSE-216-X10 - 200 -0025-01,super micro cse-216-x10 - 200 -0025-01,Super Micro,cse- - 200 -0025-01,216-X10,https://www.supermicro.com/en/products,,NOT_CHECKED,1.00,APPLY_CHANGE,CONFIDENCE_HIGH,True,cse- - 200 -0025-01,Super Micro,cse- - 200 -0025-01,0.70,NO_AI_ACTION,AGENT_VENDOR_MODEL
Super Micro CSE-216-X10 - 200-0025-01,super micro cse-216-x10 - 200-0025-01,Super Micro,cse- - 200-0025-01,216-X10,https://www.supermicro.com/en/products,,NOT_CHECKED,1.00,APPLY_CHANGE,CONFIDENCE_HIGH,True,cse- - 200-0025-01,Super Micro,cse- - 200-0025-01,0.70,NO_AI_ACTION,AGENT_VENDOR_MODEL
Symantec NetBackup 5230,symantec netbackup 5230,UNKNOWN,symantec netbackup,5230,LOCAL_RULESET,symantec netbackup,NOT_CHECKED,0.55,SUGGEST_ONLY,CONFIDENCE_MEDIUM,False,Symantec NetBackup 5230,Symantec,symantec netbackup,0.70,REFERENCE_MANUFACTURER_MATCH,https://en.wikipedia.org/wiki/Symantec
Symantec NetBackUp 5230 - Shelf,symantec netbackup 5230 - shelf,UNKNOWN,symantec netbackup - shelf,5230,LOCAL_RULESET,symantec netbackup - shelf,NOT_CHECKED,0.55,SUGGEST_ONLY,CONFIDENCE_MEDIUM,False,Symantec NetBackUp 5230 - Shelf,Symantec,symantec netbackup - shelf,0.70,REFERENCE_MANUFACTURER_MATCH,https://en.wikipedia.org/wiki/Symantec
Symmetricom Timeprovider 1000,symmetricom timeprovider 1000,UNKNOWN,symmetricom timeprovider,1000,LOCAL_RULESET,symmetricom timeprovider,NOT_CHECKED,0.55,SUGGEST_ONLY,CONFIDENCE_MEDIUM,False,Symmetricom Timeprovider 1000,UNKNOWN,symmetricom timeprovider,0.00,NO_AI_ACTION,AGENT_VENDOR_MODEL
SYNETICA HAWK-I,synetica hawk-i,UNKNOWN,synetica hawk-i,UNKNOWN,LOCAL_RULESET,synetica hawk-i,NOT_CHECKED,0.35,NO_CHANGE,CONFIDENCE_LOW,False,SYNETICA HAWK-I,UNKNOWN,synetica hawk-i,0.00,NO_AI_ACTION,AGENT_VENDOR_MODEL
Synology SA3400,synology sa3400,UNKNOWN,synology sa3400,UNKNOWN,LOCAL_RULESET,synology sa3400,NOT_CHECKED,0.35,NO_CHANGE,CONFIDENCE_LOW,False,Synology SA3400,UNKNOWN,synology sa3400,0.00,NO_AI_ACTION,AGENT_VENDOR_MODEL
Tektronix Medius Manager,tektronix medius manager,UNKNOWN,tektronix medius manager,UNKNOWN,LOCAL_RULESET,tektronix medius manager,NOT_CHECKED,0.35,NO_CHANGE,CONFIDENCE_LOW,False,Tektronix Medius Manager,Tektronix,tektronix medius manager,0.70,REFERENCE_MANUFACTURER_MATCH,https://www.tek.com/products
Tektronix Powerprobe 6000,tektronix powerprobe 6000,UNKNOWN,tektronix powerprobe,6000,LOCAL_RULESET,tektronix powerprobe,NOT_CHECKED,0.55,SUGGEST_ONLY,CONFIDENCE_MEDIUM,False,Tektronix Powerprobe 6000,Tektronix,tektronix powerprobe,0.70,REFERENCE_MANUFACTURER_MATCH,https://www.tek.com/products
Tektronix Sentry,tektronix sentry,UNKNOWN,tektronix sentry,UNKNOWN,LOCAL_RULESET,tektronix sentry,NOT_CHECKED,0.35,NO_CHANGE,CONFIDENCE_LOW,False,Tektronix Sentry,Tektronix,tektronix sentry,0.70,REFERENCE_MANUFACTURER_MATCH,https://www.tek.com/products
THALES BACSTEL-IP,thales bacstel-ip,UNKNOWN,thales bacstel-ip,UNKNOWN,LOCAL_RULESET,thales bacstel-ip,NOT_CHECKED,0.35,NO_CHANGE,CONFIDENCE_LOW,False,THALES BACSTEL-IP,UNKNOWN,thales bacstel-ip,0.00,NO_AI_ACTION,AGENT_VENDOR_MODEL
THALES DATACRYPTOR 2000,thales datacryptor 2000,UNKNOWN,thales datacryptor,2000,LOCAL_RULESET,thales datacryptor,NOT_CHECKED,0.55,SUGGEST_ONLY,CONFIDENCE_MEDIUM,False,THALES DATACRYPTOR 2000,UNKNOWN,thales datacryptor,0.00,NO_AI_ACTION,AGENT_VENDOR_MODEL
Thales NH2033,thales nh2033,UNKNOWN,thales nh2033,UNKNOWN,LOCAL_RULESET,thales nh2033,NOT_CHECKED,0.35,NO_CHANGE,CONFIDENCE_LOW,False,Thales NH2033,UNKNOWN,thales nh2033,0.00,NO_AI_ACTION,AGENT_VENDOR_MODEL
Thales Nshield NH2033,thales nshield nh2033,UNKNOWN,thales nshield nh2033,UNKNOWN,LOCAL_RULESET,thales nshield nh2033,NOT_CHECKED,0.35,NO_CHANGE,CONFIDENCE_LOW,False,Thales Nshield NH2033,UNKNOWN,thales nshield nh2033,0.00,NO_AI_ACTION,AGENT_VENDOR_MODEL
Thales Nshield NH2054,thales nshield nh2054,UNKNOWN,thales nshield nh2054,UNKNOWN,LOCAL_RULESET,thales nshield nh2054,NOT_CHECKED,0.35,NO_CHANGE,CONFIDENCE_LOW,False,Thales Nshield NH2054,UNKNOWN,thales nshield nh2054,0.00,NO_AI_ACTION,AGENT_VENDOR_MODEL
Thales Nshield NH2075,thales nshield nh2075,UNKNOWN,thales nshield nh2075,UNKNOWN,LOCAL_RULESET,thales nshield nh2075,NOT_CHECKED,0.35,NO_CHANGE,CONFIDENCE_LOW,False,Thales Nshield NH2075,UNKNOWN,thales nshield nh2075,0.00,NO_AI_ACTION,AGENT_VENDOR_MODEL
Tibco ST 2025-SAN,tibco st 2025-san,UNKNOWN,tibco st,2025-SAN,LOCAL_RULESET,tibco st,NOT_CHECKED,0.55,SUGGEST_ONLY,CONFIDENCE_MEDIUM,False,Tibco ST 2025-SAN,UNKNOWN,tibco st,0.00,NO_AI_ACTION,AGENT_VENDOR_MODEL
TP Link TL-MC1400,tp link tl-mc1400,UNKNOWN,tp link tl-mc1400,UNKNOWN,LOCAL_RULESET,tp link tl-mc1400,NOT_CHECKED,0.35,NO_CHANGE,CONFIDENCE_LOW,False,TP Link TL-MC1400,UNKNOWN,tp link tl-mc1400,0.00,NO_AI_ACTION,AGENT_VENDOR_MODEL
Transmode TM3000/II,transmode tm3000 ii,UNKNOWN,transmode tm3000 ii,UNKNOWN,LOCAL_RULESET,transmode tm3000 ii,NOT_CHECKED,0.35,NO_CHANGE,CONFIDENCE_LOW,False,Transmode TM3000/II,UNKNOWN,transmode tm3000 ii,0.00,NO_AI_ACTION,AGENT_VENDOR_MODEL
Triveni StreamScope MT-60,triveni streamscope mt-60,UNKNOWN,triveni streamscope mt-60,UNKNOWN,LOCAL_RULESET,triveni streamscope mt-60,NOT_CHECKED,0.35,NO_CHANGE,CONFIDENCE_LOW,False,Triveni StreamScope MT-60,UNKNOWN,triveni streamscope mt-60,0.00,NO_AI_ACTION,AGENT_VENDOR_MODEL
Triveni Triveni StreamScope MT-60-01U,triveni triveni streamscope mt-60-01u,UNKNOWN,triveni triveni streamscope mt-60-01u,UNKNOWN,LOCAL_RULESET,triveni triveni streamscope mt-60-01u,NOT_CHECKED,0.35,NO_CHANGE,CONFIDENCE_LOW,False,Triveni Triveni StreamScope MT-60-01U,UNKNOWN,triveni triveni streamscope mt-60-01u,0.00,NO_AI_ACTION,AGENT_VENDOR_MODEL
Tufin T-1000,tufin t-1000,UNKNOWN,tufin t-,1000,LOCAL_RULESET,tufin t-,NOT_CHECKED,0.55,SUGGEST_ONLY,CONFIDENCE_MEDIUM,False,Tufin T-1000,UNKNOWN,tufin t-,0.00,NO_AI_ACTION,AGENT_VENDOR_MODEL
Unknown Unknown,unknown unknown,UNKNOWN,unknown unknown,UNKNOWN,LOCAL_RULESET,unknown unknown,NOT_CHECKED,0.35,NO_CHANGE,CONFIDENCE_LOW,False,Unknown Unknown,UNKNOWN,unknown unknown,0.00,NO_AI_ACTION,AGENT_VENDOR_MODEL
US Robotics 56K Modem,us robotics 56k modem,UNKNOWN,us robotics 56k modem,UNKNOWN,LOCAL_RULESET,us robotics 56k modem,NOT_CHECKED,0.35,NO_CHANGE,CONFIDENCE_LOW,False,US Robotics 56K Modem,UNKNOWN,us robotics 56k modem,0.00,NO_AI_ACTION,AGENT_VENDOR_MODEL
VDCP VDCP,vdcp vdcp,UNKNOWN,vdcp vdcp,UNKNOWN,LOCAL_RULESET,vdcp vdcp,NOT_CHECKED,0.35,NO_CHANGE,CONFIDENCE_LOW,False,VDCP VDCP,UNKNOWN,vdcp vdcp,0.00,NO_AI_ACTION,AGENT_VENDOR_MODEL
Veritas NetBackup 5250,veritas netbackup 5250,UNKNOWN,veritas netbackup,5250,LOCAL_RULESET,veritas netbackup,NOT_CHECKED,0.55,SUGGEST_ONLY,CONFIDENCE_MEDIUM,False,Veritas NetBackup 5250,UNKNOWN,veritas netbackup,0.00,NO_AI_ACTION,AGENT_VENDOR_MODEL
Veritas NetBackup 5250 Expansion,veritas netbackup 5250 expansion,UNKNOWN,veritas netbackup expansion,5250,LOCAL_RULESET,veritas netbackup expansion,NOT_CHECKED,0.55,SUGGEST_ONLY,CONFIDENCE_MEDIUM,False,Veritas NetBackup 5250 Expansion,UNKNOWN,veritas netbackup expansion,0.00,NO_AI_ACTION,AGENT_VENDOR_MODEL
Veritas NetBackup 5340,veritas netbackup 5340,UNKNOWN,veritas netbackup,5340,LOCAL_RULESET,veritas netbackup,NOT_CHECKED,0.55,SUGGEST_ONLY,CONFIDENCE_MEDIUM,False,Veritas NetBackup 5340,UNKNOWN,veritas netbackup,0.00,NO_AI_ACTION,AGENT_VENDOR_MODEL
Veritas NetBackup 5350,veritas netbackup 5350,UNKNOWN,veritas netbackup,5350,LOCAL_RULESET,veritas netbackup,NOT_CHECKED,0.55,SUGGEST_ONLY,CONFIDENCE_MEDIUM,False,Veritas NetBackup 5350,UNKNOWN,veritas netbackup,0.00,NO_AI_ACTION,AGENT_VENDOR_MODEL
Veritas NETBACKUP 5350 EXPANSION SHELF,veritas netbackup 5350 expansion shelf,UNKNOWN,veritas netbackup expansion shelf,5350,LOCAL_RULESET,veritas netbackup expansion shelf,NOT_CHECKED,0.55,SUGGEST_ONLY,CONFIDENCE_MEDIUM,False,Veritas NETBACKUP 5350 EXPANSION SHELF,UNKNOWN,veritas netbackup expansion shelf,0.00,NO_AI_ACTION,AGENT_VENDOR_MODEL
Veritas Netbackup HB-1235,veritas netbackup hb-1235,UNKNOWN,veritas netbackup hb-,1235,LOCAL_RULESET,veritas netbackup hb-,NOT_CHECKED,0.55,SUGGEST_ONLY,CONFIDENCE_MEDIUM,False,Veritas Netbackup HB-1235,UNKNOWN,veritas netbackup hb-,0.00,NO_AI_ACTION,AGENT_VENDOR_MODEL
Veritas unknown device,veritas unknown device,UNKNOWN,veritas unknown device,UNKNOWN,LOCAL_RULESET,veritas unknown device,NOT_CHECKED,0.35,NO_CHANGE,CONFIDENCE_LOW,False,Veritas unknown device,UNKNOWN,veritas unknown device,0.00,NO_AI_ACTION,AGENT_VENDOR_MODEL
VMWare Edge 3810,vmware edge 3810,UNKNOWN,vmware edge,3810,LOCAL_RULESET,vmware edge,NOT_CHECKED,0.55,SUGGEST_ONLY,CONFIDENCE_MEDIUM,False,VMWare Edge 3810,VMWare,vmware edge,0.70,REFERENCE_MANUFACTURER_MATCH,https://www.vmware.com/products.html
Vss Monitoring V24 Expert distributed Tap,vss monitoring v24 expert distributed tap,UNKNOWN,vss monitoring v24 expert distributed tap,UNKNOWN,LOCAL_RULESET,vss monitoring v24 expert distributed tap,NOT_CHECKED,0.35,NO_CHANGE,CONFIDENCE_LOW,False,Vss Monitoring V24 Expert distributed Tap,UNKNOWN,vss monitoring v24 expert distributed tap,0.00,NO_AI_ACTION,AGENT_VENDOR_MODEL
Wti Netreach Cms-16,wti netreach cms-16,UNKNOWN,wti netreach cms-16,UNKNOWN,LOCAL_RULESET,wti netreach cms-16,NOT_CHECKED,0.35,NO_CHANGE,CONFIDENCE_LOW,False,Wti Netreach Cms-16,UNKNOWN,wti netreach cms-16,0.00,NO_AI_ACTION,AGENT_VENDOR_MODEL
